isolate	type	found_by	contig	pos	change	homopolymer_len
0326575	SNP	Nanopore only	DBJDTN010000001.1	402919	C>T	1
0326575	SNP	Nanopore only	DBJDTN010000003.1	307031	A>G	2
0326575	SNP	Nanopore only	DBJDTN010000003.1	307034	A>G	2
0326575	SNP	Nanopore only	DBJDTN010000003.1	355141	C>A	2
0326575	SNP	Nanopore only	DBJDTN010000003.1	355246	G>A	1
0326575	SNP	Nanopore only	DBJDTN010000003.1	355254	C>T	2
0326575	SNP	Nanopore only	DBJDTN010000003.1	355361	A>G	2
0326575	SNP	Nanopore only	DBJDTN010000003.1	355803	T>G	1
0326575	SNP	Nanopore only	DBJDTN010000008.1	156048	C>T	1
0326575	SNP	Nanopore only	DBJDTN010000013.1	107	A>G	4
0326575	SNP	Nanopore only	DBJDTN010000015.1	57330	A>G	2
0326575	SNP	Nanopore only	DBJDTN010000019.1	95756	A>C	2
0326575	SNP	Nanopore only	DBJDTN010000019.1	95806	A>G	3
0326575	SNP	Nanopore only	DBJDTN010000019.1	95980	G>A	6
0326575	SNP	Nanopore only	DBJDTN010000020.1	61910	C>T	1
0326575	SNP	Nanopore only	DBJDTN010000025.1	25457	A>G	4
0326575	SNP	Nanopore only	DBJDTN010000033.1	24310	C>T	3
0326575	SNP	Nanopore only	DBJDTN010000043.1	613	C>T	1
0326575	SNP	Nanopore only	DBJDTN010000047.1	2063	A>C	4
0326575	SNP	Nanopore only	DBJDTN010000047.1	2064	A>C	4
0326575	SNP	Nanopore only	DBJDTN010000047.1	2067	G>T	4
0326575	SNP	Nanopore only	DBJDTN010000047.1	2071	A>G	4
0326575	SNP	Nanopore only	DBJDTN010000047.1	2073	G>C	2
0326575	SNP	Nanopore only	DBJDTN010000047.1	2074	A>T	2
0326575	SNP	Nanopore only	DBJDTN010000047.1	2149	C>T	2
0326575	SNP	Nanopore only	DBJDTN010000047.1	2192	A>C	2
0326575	SNP	Nanopore only	DBJDTN010000047.1	2230	G>C	2
0326575	SNP	Nanopore only	DBJDTN010000047.1	2264	T>C	2
0326575	SNP	Nanopore only	DBJDTN010000047.1	2269	C>T	2
0326575	SNP	Nanopore only	DBJDTN010000047.1	2359	A>G	2
0326575	SNP	Nanopore only	DBJDTN010000047.1	2434	A>G	2
0326575	SNP	Nanopore only	DBJDTN010000047.1	2486	T>A	1
0326575	SNP	Nanopore only	DBJDTN010000047.1	2487	G>C	1
0326575	SNP	Nanopore only	DBJDTN010000047.1	2488	T>C	1
0326575	SNP	Nanopore only	DBJDTN010000047.1	2489	C>G	1
0326575	SNP	Nanopore only	DBJDTN010000047.1	2491	C>G	3
0326575	SNP	Nanopore only	DBJDTN010000047.1	2543	T>A	4
0326575	SNP	Nanopore only	DBJDTN010000064.1	107	T>G	1
0326575	SNP	Nanopore only	DBJDTN010000064.1	119	C>G	1
0326575	SNP	Nanopore only	DBJDTN010000064.1	132	T>C	2
0326575	SNP	Nanopore only	DBJDTN010000064.1	153	C>G	3
0326575	SNP	Nanopore only	DBJDTN010000064.1	166	A>T	2
0326575	SNP	Nanopore only	DBJDTN010000064.1	168	T>C	2
0326575	SNP	Nanopore only	DBJDTN010000064.1	173	G>A	1
0326575	SNP	Nanopore only	DBJDTN010000064.1	187	A>G	2
0326575	SNP	Nanopore only	DBJDTN010000064.1	210	C>G	4
0326575	SNP	Nanopore only	DBJDTN010000064.1	211	C>G	4
0326575	SNP	Nanopore only	DBJDTN010000064.1	213	C>G	4
0326575	SNP	Nanopore only	DBJDTN010000064.1	216	G>C	3
0326575	SNP	Nanopore only	DBJDTN010000064.1	218	T>C	3
0326575	SNP	Nanopore only	DBJDTN010000064.1	222	G>C	1
0326575	SNP	Nanopore only	DBJDTN010000064.1	225	T>C	2
0326575	SNP	Nanopore only	DBJDTN010000064.1	231	G>A	2
0326575	SNP	Nanopore only	DBJDTN010000064.1	234	C>G	1
0326575	SNP	Nanopore only	DBJDTN010000064.1	246	C>T	1
0326575	SNP	Nanopore only	DBJDTN010000064.1	255	A>G	1
0326575	SNP	Nanopore only	DBJDTN010000064.1	309	C>G	2
0326575	SNP	Nanopore only	DBJDTN010000064.1	312	A>G	1
0326575	SNP	Nanopore only	DBJDTN010000064.1	315	C>G	3
0326575	SNP	Nanopore only	DBJDTN010000064.1	317	T>G	3
0326575	SNP	Nanopore only	DBJDTN010000064.1	327	A>C	4
0326575	SNP	Nanopore only	DBJDTN010000064.1	345	C>G	2
0326575	SNP	Nanopore only	DBJDTN010000064.1	348	C>G	3
0326575	SNP	Nanopore only	DBJDTN010000064.1	350	T>G	3
0326575	SNP	Nanopore only	DBJDTN010000064.1	359	A>C	1
0326575	SNP	Nanopore only	DBJDTN010000064.1	372	A>G	2
0326575	SNP	Nanopore only	DBJDTN010000064.1	384	G>C	2
0326575	SNP	Nanopore only	DBJDTN010000064.1	408	T>C	2
0326575	SNP	Nanopore only	DBJDTN010000064.1	411	A>G	2
0326575	SNP	Nanopore only	DBJDTN010000064.1	414	A>G	1
0326575	SNP	Nanopore only	DBJDTN010000064.1	441	C>T	1
0326575	SNP	Nanopore only	DBJDTN010000064.1	453	C>G	2
0326575	SNP	Nanopore only	DBJDTN010000064.1	456	G>T	3
0326575	SNP	Nanopore only	DBJDTN010000064.1	465	G>A	1
0326575	SNP	Nanopore only	DBJDTN010000064.1	474	C>G	2
0326575	SNP	Nanopore only	DBJDTN010000064.1	483	T>G	2
0326575	SNP	Nanopore only	DBJDTN010000064.1	513	G>C	2
0326575	SNP	Nanopore only	DBJDTN010000064.1	516	C>G	1
0326575	SNP	Nanopore only	DBJDTN010000064.1	531	G>C	2
0326575	SNP	Nanopore only	DBJDTN010000064.1	534	G>C	1
0326575	SNP	Nanopore only	DBJDTN010000064.1	535	A>G	1
0326575	SNP	Nanopore only	DBJDTN010000064.1	537	G>C	2
0326575	SNP	Nanopore only	DBJDTN010000064.1	556	C>G	1
0326575	SNP	Nanopore only	DBJDTN010000064.1	563	G>T	2
0326575	SNP	Nanopore only	DBJDTN010000064.1	564	G>C	2
0326575	SNP	Nanopore only	DBJDTN010000064.1	573	G>T	1
0326575	SNP	Nanopore only	DBJDTN010000064.1	576	G>A	1
0326575	SNP	Nanopore only	DBJDTN010000064.1	582	G>A	1
0326575	SNP	Nanopore only	DBJDTN010000064.1	588	A>G	1
0326575	SNP	Nanopore only	DBJDTN010000064.1	591	C>G	1
0326575	SNP	Nanopore only	DBJDTN010000064.1	606	C>G	2
0326575	SNP	Nanopore only	DBJDTN010000064.1	609	G>C	3
0326575	SNP	Nanopore only	DBJDTN010000064.1	623	G>T	1
0326575	SNP	Nanopore only	DBJDTN010000064.1	627	G>T	3
0326575	SNP	Nanopore only	DBJDTN010000064.1	628	C>T	3
0326575	SNP	Nanopore only	DBJDTN010000064.1	635	T>C	1
0326575	SNP	Nanopore only	DBJDTN010000064.1	637	G>T	3
0326575	SNP	Nanopore only	DBJDTN010000064.1	638	G>C	3
0326575	SNP	Nanopore only	DBJDTN010000064.1	646	T>G	2
0326575	SNP	Nanopore only	DBJDTN010000064.1	656	G>T	1
0326575	SNP	Nanopore only	DBJDTN010000064.1	662	C>T	1
0326575	SNP	Nanopore only	DBJDTN010000064.1	666	C>G	1
0326575	SNP	Nanopore only	DBJDTN010000064.1	675	T>G	3
0326575	SNP	Nanopore only	DBJDTN010000064.1	681	G>C	2
0326575	SNP	Nanopore only	DBJDTN010000064.1	687	G>A	1
0326575	SNP	Nanopore only	DBJDTN010000064.1	699	C>G	2
0326575	SNP	Nanopore only	DBJDTN010000064.1	714	T>C	2
0326575	SNP	Nanopore only	DBJDTN010000064.1	728	G>A	3
0326575	SNP	Nanopore only	DBJDTN010000064.1	729	G>C	3
0326575	SNP	Nanopore only	DBJDTN010000064.1	732	A>G	3
0326575	SNP	Nanopore only	DBJDTN010000064.1	741	A>G	1
0326575	SNP	Nanopore only	DBJDTN010000064.1	744	G>C	2
0326575	SNP	Nanopore only	DBJDTN010000064.1	750	G>C	2
0326575	SNP	Nanopore only	DBJDTN010000064.1	753	G>T	2
0326575	SNP	Nanopore only	DBJDTN010000064.1	792	C>T	1
0326575	SNP	Nanopore only	DBJDTN010000064.1	798	G>A	2
0326575	SNP	Nanopore only	DBJDTN010000064.1	819	A>G	1
0326575	SNP	Nanopore only	DBJDTN010000064.1	825	G>C	2
0326575	SNP	Nanopore only	DBJDTN010000064.1	828	A>G	2
0326575	SNP	Nanopore only	DBJDTN010000064.1	834	G>C	2
0326575	SNP	Nanopore only	DBJDTN010000064.1	843	A>G	2
0326575	SNP	Nanopore only	DBJDTN010000064.1	849	C>G	2
0326575	SNP	Nanopore only	DBJDTN010000064.1	852	G>C	1
0326575	SNP	Nanopore only	DBJDTN010000064.1	853	C>T	3
0326575	SNP	Nanopore only	DBJDTN010000064.1	854	G>T	3
0326575	SNP	Nanopore only	DBJDTN010000064.1	859	C>T	1
0326575	SNP	Nanopore only	DBJDTN010000064.1	860	T>G	1
0326575	SNP	Nanopore only	DBJDTN010000064.1	891	A>G	1
0326575	SNP	Nanopore only	DBJDTN010000064.1	915	A>G	2
0326575	SNP	Nanopore only	DBJDTN010000064.1	921	C>T	2
0326575	SNP	Nanopore only	DBJDTN010000064.1	932	C>T	1
0326575	SNP	Nanopore only	DBJDTN010000064.1	936	C>G	3
0326575	SNP	Nanopore only	DBJDTN010000064.1	949	C>G	4
0326575	SNP	Nanopore only	DBJDTN010000064.1	952	C>T	4
0326575	SNP	Nanopore only	DBJDTN010000064.1	956	C>T	2
0326575	SNP	Nanopore only	DBJDTN010000064.1	960	C>G	3
0326575	SNP	Nanopore only	DBJDTN010000064.1	978	A>G	2
0326575	SNP	Nanopore only	DBJDTN010000064.1	981	G>C	2
0326575	SNP	Nanopore only	DBJDTN010000064.1	984	G>C	2
0326575	SNP	Nanopore only	DBJDTN010000064.1	990	G>C	2
0326575	SNP	Nanopore only	DBJDTN010000064.1	993	C>G	1
0326575	SNP	Nanopore only	DBJDTN010000064.1	1017	A>G	3
0326575	SNP	Nanopore only	DBJDTN010000064.1	1029	A>G	1
0326575	SNP	Nanopore only	DBJDTN010000064.1	1035	G>C	2
0326575	SNP	Nanopore only	DBJDTN010000064.1	1036	T>G	2
0326575	SNP	Nanopore only	DBJDTN010000064.1	1055	A>G	2
0326575	SNP	Nanopore only	DBJDTN010000064.1	1063	G>C	2
0326575	SNP	Nanopore only	DBJDTN010000064.1	1065	A>G	2
0326575	SNP	Nanopore only	DBJDTN010000064.1	1103	A>C	2
0326575	SNP	Nanopore only	DBJDTN010000064.1	1152	C>G	3
0326575	SNP	Nanopore only	DBJDTN010000064.1	1167	A>G	1
0326575	SNP	Nanopore only	DBJDTN010000064.1	1170	A>G	2
0326575	SNP	Nanopore only	DBJDTN010000064.1	1179	T>C	2
0326575	SNP	Nanopore only	DBJDTN010000068.1	516	A>G	2
0326575	SNP	Nanopore only	DBJDTN010000068.1	526	T>G	1
0326575	SNP	Nanopore only	DBJDTN010000068.1	532	A>G	1
0326575	SNP	Nanopore only	DBJDTN010000068.1	577	A>G	3
0326575	SNP	Nanopore only	DBJDTN010000072.1	9508	T>C	2
0326575	indel	Nanopore only	DBJDTN010000028.1	35391	-4 bp	2
0326575	indel	Nanopore only	DBJDTN010000005.1	292488	-1 bp	4
0326575	indel	Nanopore only	DBJDTN010000047.1	2438	+1 bp	2
0326575	indel	Nanopore only	DBJDTN010000064.1	111	+2 bp	2
0326575	indel	Nanopore only	DBJDTN010000064.1	176	-3 bp	1
0326575	indel	Nanopore only	DBJDTN010000064.1	197	+2 bp	2
0326575	indel	Nanopore only	DBJDTN010000064.1	649	+1 bp	1
0326576	SNP	Nanopore only	DBJDTN010000002.1	75203	A>G	2
0326576	SNP	Nanopore only	DBJDTN010000003.1	294005	A>G	1
0326576	SNP	Nanopore only	DBJDTN010000003.1	354927	T>C	4
0326576	SNP	Nanopore only	DBJDTN010000003.1	355246	G>A	1
0326576	SNP	Nanopore only	DBJDTN010000003.1	355254	C>T	2
0326576	SNP	Nanopore only	DBJDTN010000003.1	355361	A>G	2
0326576	SNP	Nanopore only	DBJDTN010000003.1	355803	T>G	1
0326576	SNP	Nanopore only	DBJDTN010000007.1	183749	A>G	2
0326576	SNP	Nanopore only	DBJDTN010000009.1	192626	A>G	2
0326576	SNP	Nanopore only	DBJDTN010000013.1	107	A>G	4
0326576	SNP	Nanopore only	DBJDTN010000018.1	58679	G>A	1
0326576	SNP	Nanopore only	DBJDTN010000018.1	95058	A>G	2
0326576	SNP	Nanopore only	DBJDTN010000019.1	95552	T>C	1
0326576	SNP	Nanopore only	DBJDTN010000019.1	95553	C>T	1
0326576	SNP	Nanopore only	DBJDTN010000019.1	95756	A>C	2
0326576	SNP	Nanopore only	DBJDTN010000019.1	95806	A>G	3
0326576	SNP	Nanopore only	DBJDTN010000019.1	95980	G>A	6
0326576	SNP	Nanopore only	DBJDTN010000020.1	61910	C>T	1
0326576	SNP	Nanopore only	DBJDTN010000027.1	49798	G>A	1
0326576	SNP	Nanopore only	DBJDTN010000042.1	3196	T>C	1
0326576	SNP	Nanopore only	DBJDTN010000042.1	3208	G>C	2
0326576	SNP	Nanopore only	DBJDTN010000042.1	3221	T>C	2
0326576	SNP	Nanopore only	DBJDTN010000042.1	5929	G>C	2
0326576	SNP	Nanopore only	DBJDTN010000047.1	2063	A>C	4
0326576	SNP	Nanopore only	DBJDTN010000047.1	2064	A>C	4
0326576	SNP	Nanopore only	DBJDTN010000047.1	2067	G>T	4
0326576	SNP	Nanopore only	DBJDTN010000047.1	2073	G>C	2
0326576	SNP	Nanopore only	DBJDTN010000047.1	2074	A>T	2
0326576	SNP	Nanopore only	DBJDTN010000047.1	2119	G>A	1
0326576	SNP	Nanopore only	DBJDTN010000047.1	2149	C>T	2
0326576	SNP	Nanopore only	DBJDTN010000047.1	2230	G>C	2
0326576	SNP	Nanopore only	DBJDTN010000047.1	2235	G>A	3
0326576	SNP	Nanopore only	DBJDTN010000047.1	2264	T>C	2
0326576	SNP	Nanopore only	DBJDTN010000047.1	2269	C>T	2
0326576	SNP	Nanopore only	DBJDTN010000047.1	2359	A>G	2
0326576	SNP	Nanopore only	DBJDTN010000047.1	2380	C>T	2
0326576	SNP	Nanopore only	DBJDTN010000047.1	2434	A>G	2
0326576	SNP	Nanopore only	DBJDTN010000047.1	2487	G>C	1
0326576	SNP	Nanopore only	DBJDTN010000047.1	2543	T>A	4
0326576	SNP	Nanopore only	DBJDTN010000064.1	132	T>C	2
0326576	SNP	Nanopore only	DBJDTN010000064.1	153	C>G	3
0326576	SNP	Nanopore only	DBJDTN010000064.1	222	G>C	1
0326576	SNP	Nanopore only	DBJDTN010000064.1	225	T>C	2
0326576	SNP	Nanopore only	DBJDTN010000064.1	234	C>G	1
0326576	SNP	Nanopore only	DBJDTN010000064.1	255	A>G	1
0326576	SNP	Nanopore only	DBJDTN010000064.1	312	A>G	1
0326576	SNP	Nanopore only	DBJDTN010000064.1	327	A>C	4
0326576	SNP	Nanopore only	DBJDTN010000064.1	359	A>C	1
0326576	SNP	Nanopore only	DBJDTN010000064.1	372	A>G	2
0326576	SNP	Nanopore only	DBJDTN010000064.1	384	G>C	2
0326576	SNP	Nanopore only	DBJDTN010000064.1	411	A>G	2
0326576	SNP	Nanopore only	DBJDTN010000064.1	588	A>G	1
0326576	SNP	Nanopore only	DBJDTN010000064.1	819	A>G	1
0326576	SNP	Nanopore only	DBJDTN010000064.1	834	G>C	2
0326576	SNP	Nanopore only	DBJDTN010000064.1	843	A>G	2
0326576	SNP	Nanopore only	DBJDTN010000078.1	1232	G>A	2
0326576	indel	Nanopore only	DBJDTN010000042.1	1218	+1 bp	5
0326576	indel	Nanopore only	DBJDTN010000047.1	2438	+1 bp	2
0326576	indel	Nanopore only	DBJDTN010000003.1	355141	+1 bp	2
0326576	indel	Nanopore only	DBJDTN010000012.1	15726	-1 bp	8
0326580	SNP	Nanopore only	DBJDTN010000001.1	179339	C>T	1
0326580	SNP	Nanopore only	DBJDTN010000002.1	75203	A>G	2
0326580	SNP	Nanopore only	DBJDTN010000003.1	355246	G>A	1
0326580	SNP	Nanopore only	DBJDTN010000003.1	355254	C>T	2
0326580	SNP	Nanopore only	DBJDTN010000003.1	355361	A>G	2
0326580	SNP	Nanopore only	DBJDTN010000003.1	355803	T>G	1
0326580	SNP	Nanopore only	DBJDTN010000006.1	69364	A>G	2
0326580	SNP	Nanopore only	DBJDTN010000013.1	107	A>G	4
0326580	SNP	Nanopore only	DBJDTN010000015.1	57330	A>G	2
0326580	SNP	Nanopore only	DBJDTN010000015.1	111333	A>G	2
0326580	SNP	Nanopore only	DBJDTN010000017.1	22845	A>G	2
0326580	SNP	Nanopore only	DBJDTN010000019.1	95756	A>C	2
0326580	SNP	Nanopore only	DBJDTN010000019.1	95806	A>G	3
0326580	SNP	Nanopore only	DBJDTN010000019.1	95980	G>A	6
0326580	SNP	Nanopore only	DBJDTN010000020.1	61910	C>T	1
0326580	SNP	Nanopore only	DBJDTN010000033.1	24310	C>T	3
0326580	SNP	Nanopore only	DBJDTN010000043.1	5729	A>G	2
0326580	SNP	Nanopore only	DBJDTN010000047.1	2064	A>C	4
0326580	SNP	Nanopore only	DBJDTN010000047.1	2067	G>T	4
0326580	SNP	Nanopore only	DBJDTN010000047.1	2073	G>C	2
0326580	SNP	Nanopore only	DBJDTN010000047.1	2074	A>T	2
0326580	SNP	Nanopore only	DBJDTN010000047.1	2192	A>C	2
0326580	SNP	Nanopore only	DBJDTN010000047.1	2264	T>C	2
0326580	SNP	Nanopore only	DBJDTN010000047.1	2269	C>T	2
0326580	SNP	Nanopore only	DBJDTN010000047.1	2315	A>G	3
0326580	SNP	Nanopore only	DBJDTN010000047.1	2359	A>G	2
0326580	SNP	Nanopore only	DBJDTN010000047.1	2486	T>A	1
0326580	SNP	Nanopore only	DBJDTN010000047.1	2487	G>C	1
0326580	SNP	Nanopore only	DBJDTN010000047.1	2488	T>C	1
0326580	SNP	Nanopore only	DBJDTN010000047.1	2489	C>G	1
0326580	SNP	Nanopore only	DBJDTN010000047.1	2491	C>G	3
0326580	SNP	Nanopore only	DBJDTN010000047.1	2543	T>A	4
0326580	SNP	Nanopore only	DBJDTN010000064.1	107	T>G	1
0326580	SNP	Nanopore only	DBJDTN010000064.1	119	C>G	1
0326580	SNP	Nanopore only	DBJDTN010000064.1	132	T>C	2
0326580	SNP	Nanopore only	DBJDTN010000064.1	153	C>G	3
0326580	SNP	Nanopore only	DBJDTN010000064.1	166	A>T	2
0326580	SNP	Nanopore only	DBJDTN010000064.1	168	T>C	2
0326580	SNP	Nanopore only	DBJDTN010000064.1	173	G>A	1
0326580	SNP	Nanopore only	DBJDTN010000064.1	210	C>G	4
0326580	SNP	Nanopore only	DBJDTN010000064.1	211	C>G	4
0326580	SNP	Nanopore only	DBJDTN010000064.1	213	C>G	4
0326580	SNP	Nanopore only	DBJDTN010000064.1	216	G>C	3
0326580	SNP	Nanopore only	DBJDTN010000064.1	218	T>C	3
0326580	SNP	Nanopore only	DBJDTN010000064.1	222	G>C	1
0326580	SNP	Nanopore only	DBJDTN010000064.1	225	T>C	2
0326580	SNP	Nanopore only	DBJDTN010000064.1	231	G>A	2
0326580	SNP	Nanopore only	DBJDTN010000064.1	234	C>G	1
0326580	SNP	Nanopore only	DBJDTN010000064.1	246	C>T	1
0326580	SNP	Nanopore only	DBJDTN010000064.1	255	A>G	1
0326580	SNP	Nanopore only	DBJDTN010000064.1	309	C>G	2
0326580	SNP	Nanopore only	DBJDTN010000064.1	312	A>G	1
0326580	SNP	Nanopore only	DBJDTN010000064.1	315	C>G	3
0326580	SNP	Nanopore only	DBJDTN010000064.1	317	T>G	3
0326580	SNP	Nanopore only	DBJDTN010000064.1	327	A>C	4
0326580	SNP	Nanopore only	DBJDTN010000064.1	345	C>G	2
0326580	SNP	Nanopore only	DBJDTN010000064.1	348	C>G	3
0326580	SNP	Nanopore only	DBJDTN010000064.1	350	T>G	3
0326580	SNP	Nanopore only	DBJDTN010000064.1	359	A>C	1
0326580	SNP	Nanopore only	DBJDTN010000064.1	372	A>G	2
0326580	SNP	Nanopore only	DBJDTN010000064.1	384	G>C	2
0326580	SNP	Nanopore only	DBJDTN010000064.1	408	T>C	2
0326580	SNP	Nanopore only	DBJDTN010000064.1	411	A>G	2
0326580	SNP	Nanopore only	DBJDTN010000064.1	414	A>G	1
0326580	SNP	Nanopore only	DBJDTN010000064.1	441	C>T	1
0326580	SNP	Nanopore only	DBJDTN010000064.1	453	C>G	2
0326580	SNP	Nanopore only	DBJDTN010000064.1	456	G>T	3
0326580	SNP	Nanopore only	DBJDTN010000064.1	465	G>A	1
0326580	SNP	Nanopore only	DBJDTN010000064.1	474	C>G	2
0326580	SNP	Nanopore only	DBJDTN010000064.1	483	T>G	2
0326580	SNP	Nanopore only	DBJDTN010000064.1	513	G>C	2
0326580	SNP	Nanopore only	DBJDTN010000064.1	515	G>T	1
0326580	SNP	Nanopore only	DBJDTN010000064.1	516	C>G	1
0326580	SNP	Nanopore only	DBJDTN010000064.1	531	G>C	2
0326580	SNP	Nanopore only	DBJDTN010000064.1	534	G>C	1
0326580	SNP	Nanopore only	DBJDTN010000064.1	535	A>G	1
0326580	SNP	Nanopore only	DBJDTN010000064.1	537	G>C	2
0326580	SNP	Nanopore only	DBJDTN010000064.1	556	C>G	1
0326580	SNP	Nanopore only	DBJDTN010000064.1	563	G>T	2
0326580	SNP	Nanopore only	DBJDTN010000064.1	564	G>C	2
0326580	SNP	Nanopore only	DBJDTN010000064.1	573	G>T	1
0326580	SNP	Nanopore only	DBJDTN010000064.1	576	G>A	1
0326580	SNP	Nanopore only	DBJDTN010000064.1	582	G>A	1
0326580	SNP	Nanopore only	DBJDTN010000064.1	588	A>G	1
0326580	SNP	Nanopore only	DBJDTN010000064.1	591	C>G	1
0326580	SNP	Nanopore only	DBJDTN010000064.1	606	C>G	2
0326580	SNP	Nanopore only	DBJDTN010000064.1	609	G>C	3
0326580	SNP	Nanopore only	DBJDTN010000064.1	623	G>T	1
0326580	SNP	Nanopore only	DBJDTN010000064.1	627	G>T	3
0326580	SNP	Nanopore only	DBJDTN010000064.1	628	C>T	3
0326580	SNP	Nanopore only	DBJDTN010000064.1	635	T>C	1
0326580	SNP	Nanopore only	DBJDTN010000064.1	637	G>T	3
0326580	SNP	Nanopore only	DBJDTN010000064.1	638	G>C	3
0326580	SNP	Nanopore only	DBJDTN010000064.1	646	T>G	2
0326580	SNP	Nanopore only	DBJDTN010000064.1	656	G>T	1
0326580	SNP	Nanopore only	DBJDTN010000064.1	662	C>T	1
0326580	SNP	Nanopore only	DBJDTN010000064.1	666	C>G	1
0326580	SNP	Nanopore only	DBJDTN010000064.1	675	T>G	3
0326580	SNP	Nanopore only	DBJDTN010000064.1	681	G>C	2
0326580	SNP	Nanopore only	DBJDTN010000064.1	699	C>G	2
0326580	SNP	Nanopore only	DBJDTN010000064.1	714	T>C	2
0326580	SNP	Nanopore only	DBJDTN010000064.1	728	G>A	3
0326580	SNP	Nanopore only	DBJDTN010000064.1	729	G>C	3
0326580	SNP	Nanopore only	DBJDTN010000064.1	732	A>G	3
0326580	SNP	Nanopore only	DBJDTN010000064.1	741	A>G	1
0326580	SNP	Nanopore only	DBJDTN010000064.1	744	G>C	2
0326580	SNP	Nanopore only	DBJDTN010000064.1	750	G>C	2
0326580	SNP	Nanopore only	DBJDTN010000064.1	753	G>T	2
0326580	SNP	Nanopore only	DBJDTN010000064.1	792	C>T	1
0326580	SNP	Nanopore only	DBJDTN010000064.1	798	G>A	2
0326580	SNP	Nanopore only	DBJDTN010000064.1	819	A>G	1
0326580	SNP	Nanopore only	DBJDTN010000064.1	825	G>C	2
0326580	SNP	Nanopore only	DBJDTN010000064.1	828	A>G	2
0326580	SNP	Nanopore only	DBJDTN010000064.1	834	G>C	2
0326580	SNP	Nanopore only	DBJDTN010000064.1	843	A>G	2
0326580	SNP	Nanopore only	DBJDTN010000064.1	849	C>G	2
0326580	SNP	Nanopore only	DBJDTN010000064.1	852	G>C	1
0326580	SNP	Nanopore only	DBJDTN010000064.1	853	C>T	3
0326580	SNP	Nanopore only	DBJDTN010000064.1	854	G>T	3
0326580	SNP	Nanopore only	DBJDTN010000064.1	859	C>T	1
0326580	SNP	Nanopore only	DBJDTN010000064.1	860	T>G	1
0326580	SNP	Nanopore only	DBJDTN010000064.1	891	A>G	1
0326580	SNP	Nanopore only	DBJDTN010000064.1	915	A>G	2
0326580	SNP	Nanopore only	DBJDTN010000064.1	921	C>T	2
0326580	SNP	Nanopore only	DBJDTN010000064.1	927	G>A	3
0326580	SNP	Nanopore only	DBJDTN010000064.1	932	C>T	1
0326580	SNP	Nanopore only	DBJDTN010000064.1	936	C>G	3
0326580	SNP	Nanopore only	DBJDTN010000064.1	949	C>G	4
0326580	SNP	Nanopore only	DBJDTN010000064.1	952	C>T	4
0326580	SNP	Nanopore only	DBJDTN010000064.1	953	G>T	4
0326580	SNP	Nanopore only	DBJDTN010000064.1	956	C>T	2
0326580	SNP	Nanopore only	DBJDTN010000064.1	957	A>G	3
0326580	SNP	Nanopore only	DBJDTN010000064.1	960	C>G	3
0326580	SNP	Nanopore only	DBJDTN010000064.1	962	C>T	1
0326580	SNP	Nanopore only	DBJDTN010000064.1	978	A>G	2
0326580	SNP	Nanopore only	DBJDTN010000064.1	981	G>C	2
0326580	SNP	Nanopore only	DBJDTN010000064.1	984	G>C	2
0326580	SNP	Nanopore only	DBJDTN010000064.1	990	G>C	2
0326580	SNP	Nanopore only	DBJDTN010000064.1	993	C>G	1
0326580	SNP	Nanopore only	DBJDTN010000064.1	1008	G>A	1
0326580	SNP	Nanopore only	DBJDTN010000064.1	1017	A>G	3
0326580	SNP	Nanopore only	DBJDTN010000064.1	1022	C>G	2
0326580	SNP	Nanopore only	DBJDTN010000064.1	1026	G>T	2
0326580	SNP	Nanopore only	DBJDTN010000064.1	1029	A>G	1
0326580	SNP	Nanopore only	DBJDTN010000064.1	1030	T>A	1
0326580	SNP	Nanopore only	DBJDTN010000064.1	1035	G>C	2
0326580	SNP	Nanopore only	DBJDTN010000064.1	1036	T>G	2
0326580	SNP	Nanopore only	DBJDTN010000064.1	1037	G>C	2
0326580	SNP	Nanopore only	DBJDTN010000064.1	1055	A>G	2
0326580	SNP	Nanopore only	DBJDTN010000064.1	1063	G>C	2
0326580	SNP	Nanopore only	DBJDTN010000064.1	1064	A>C	2
0326580	SNP	Nanopore only	DBJDTN010000064.1	1065	A>G	2
0326580	SNP	Nanopore only	DBJDTN010000064.1	1103	A>C	2
0326580	SNP	Nanopore only	DBJDTN010000064.1	1120	A>G	2
0326580	SNP	Nanopore only	DBJDTN010000064.1	1152	C>G	3
0326580	SNP	Nanopore only	DBJDTN010000064.1	1155	G>C	3
0326580	SNP	Nanopore only	DBJDTN010000064.1	1167	A>G	1
0326580	SNP	Nanopore only	DBJDTN010000064.1	1170	A>G	2
0326580	SNP	Nanopore only	DBJDTN010000064.1	1179	T>C	2
0326580	indel	Nanopore only	DBJDTN010000028.1	35391	-4 bp	2
0326580	indel	Nanopore only	DBJDTN010000007.1	90496	-1 bp	8
0326580	indel	Nanopore only	DBJDTN010000064.1	111	+2 bp	2
0326580	indel	Nanopore only	DBJDTN010000064.1	195	+1 bp	2
0326580	indel	Nanopore only	DBJDTN010000064.1	197	+2 bp	2
0326580	indel	Nanopore only	DBJDTN010000064.1	649	+1 bp	1
0326580	indel	Nanopore only	DBJDTN010000012.1	15726	-1 bp	8
0326580	indel	Nanopore only	DBJDTN010000047.1	2438	+1 bp	2
0326580	indel	Nanopore only	DBJDTN010000021.1	47769	-1 bp	8
0326580	indel	Nanopore only	DBJDTN010000003.1	355141	+1 bp	2
0327126	SNP	Nanopore only	DBJDTN010000001.1	55055	C>T	1
0327126	SNP	Nanopore only	DBJDTN010000001.1	642985	C>T	1
0327126	SNP	Nanopore only	DBJDTN010000002.1	75203	A>G	2
0327126	SNP	Nanopore only	DBJDTN010000003.1	307034	A>G	2
0327126	SNP	Nanopore only	DBJDTN010000003.1	355246	G>A	1
0327126	SNP	Nanopore only	DBJDTN010000003.1	355254	C>T	2
0327126	SNP	Nanopore only	DBJDTN010000003.1	355361	A>G	2
0327126	SNP	Nanopore only	DBJDTN010000003.1	355803	T>G	1
0327126	SNP	Nanopore only	DBJDTN010000011.1	125377	C>T	1
0327126	SNP	Nanopore only	DBJDTN010000012.1	113761	A>G	2
0327126	SNP	Nanopore only	DBJDTN010000013.1	107	A>G	4
0327126	SNP	Nanopore only	DBJDTN010000015.1	57330	A>G	2
0327126	SNP	Nanopore only	DBJDTN010000017.1	86747	C>T	1
0327126	SNP	Nanopore only	DBJDTN010000019.1	95552	T>C	1
0327126	SNP	Nanopore only	DBJDTN010000019.1	95553	C>T	1
0327126	SNP	Nanopore only	DBJDTN010000019.1	95756	A>C	2
0327126	SNP	Nanopore only	DBJDTN010000019.1	95806	A>G	3
0327126	SNP	Nanopore only	DBJDTN010000019.1	95980	G>A	6
0327126	SNP	Nanopore only	DBJDTN010000027.1	31572	G>A	1
0327126	SNP	Nanopore only	DBJDTN010000033.1	24310	C>T	3
0327126	SNP	Nanopore only	DBJDTN010000047.1	2064	A>C	4
0327126	SNP	Nanopore only	DBJDTN010000047.1	2067	G>T	4
0327126	SNP	Nanopore only	DBJDTN010000047.1	2074	A>T	2
0327126	SNP	Nanopore only	DBJDTN010000047.1	2149	C>T	2
0327126	SNP	Nanopore only	DBJDTN010000047.1	2192	A>C	2
0327126	SNP	Nanopore only	DBJDTN010000047.1	2230	G>C	2
0327126	SNP	Nanopore only	DBJDTN010000047.1	2264	T>C	2
0327126	SNP	Nanopore only	DBJDTN010000047.1	2269	C>T	2
0327126	SNP	Nanopore only	DBJDTN010000047.1	2359	A>G	2
0327126	SNP	Nanopore only	DBJDTN010000047.1	2380	C>T	2
0327126	SNP	Nanopore only	DBJDTN010000047.1	2487	G>C	1
0327126	SNP	Nanopore only	DBJDTN010000047.1	2488	T>C	1
0327126	SNP	Nanopore only	DBJDTN010000047.1	2491	C>G	3
0327126	SNP	Nanopore only	DBJDTN010000047.1	2543	T>A	4
0327126	SNP	Nanopore only	DBJDTN010000064.1	107	T>G	1
0327126	SNP	Nanopore only	DBJDTN010000064.1	119	C>G	1
0327126	SNP	Nanopore only	DBJDTN010000064.1	132	T>C	2
0327126	SNP	Nanopore only	DBJDTN010000064.1	153	C>G	3
0327126	SNP	Nanopore only	DBJDTN010000064.1	166	A>T	2
0327126	SNP	Nanopore only	DBJDTN010000064.1	168	T>C	2
0327126	SNP	Nanopore only	DBJDTN010000064.1	173	G>A	1
0327126	SNP	Nanopore only	DBJDTN010000064.1	210	C>G	4
0327126	SNP	Nanopore only	DBJDTN010000064.1	211	C>G	4
0327126	SNP	Nanopore only	DBJDTN010000064.1	213	C>G	4
0327126	SNP	Nanopore only	DBJDTN010000064.1	216	G>C	3
0327126	SNP	Nanopore only	DBJDTN010000064.1	218	T>C	3
0327126	SNP	Nanopore only	DBJDTN010000064.1	222	G>C	1
0327126	SNP	Nanopore only	DBJDTN010000064.1	225	T>C	2
0327126	SNP	Nanopore only	DBJDTN010000064.1	231	G>A	2
0327126	SNP	Nanopore only	DBJDTN010000064.1	234	C>G	1
0327126	SNP	Nanopore only	DBJDTN010000064.1	246	C>T	1
0327126	SNP	Nanopore only	DBJDTN010000064.1	255	A>G	1
0327126	SNP	Nanopore only	DBJDTN010000064.1	309	C>G	2
0327126	SNP	Nanopore only	DBJDTN010000064.1	312	A>G	1
0327126	SNP	Nanopore only	DBJDTN010000064.1	315	C>G	3
0327126	SNP	Nanopore only	DBJDTN010000064.1	317	T>G	3
0327126	SNP	Nanopore only	DBJDTN010000064.1	327	A>C	4
0327126	SNP	Nanopore only	DBJDTN010000064.1	345	C>G	2
0327126	SNP	Nanopore only	DBJDTN010000064.1	348	C>G	3
0327126	SNP	Nanopore only	DBJDTN010000064.1	350	T>G	3
0327126	SNP	Nanopore only	DBJDTN010000064.1	359	A>C	1
0327126	SNP	Nanopore only	DBJDTN010000064.1	372	A>G	2
0327126	SNP	Nanopore only	DBJDTN010000064.1	384	G>C	2
0327126	SNP	Nanopore only	DBJDTN010000064.1	408	T>C	2
0327126	SNP	Nanopore only	DBJDTN010000064.1	411	A>G	2
0327126	SNP	Nanopore only	DBJDTN010000064.1	414	A>G	1
0327126	SNP	Nanopore only	DBJDTN010000064.1	441	C>T	1
0327126	SNP	Nanopore only	DBJDTN010000064.1	453	C>G	2
0327126	SNP	Nanopore only	DBJDTN010000064.1	456	G>T	3
0327126	SNP	Nanopore only	DBJDTN010000064.1	465	G>A	1
0327126	SNP	Nanopore only	DBJDTN010000064.1	474	C>G	2
0327126	SNP	Nanopore only	DBJDTN010000064.1	483	T>G	2
0327126	SNP	Nanopore only	DBJDTN010000064.1	513	G>C	2
0327126	SNP	Nanopore only	DBJDTN010000064.1	515	G>T	1
0327126	SNP	Nanopore only	DBJDTN010000064.1	516	C>G	1
0327126	SNP	Nanopore only	DBJDTN010000064.1	531	G>C	2
0327126	SNP	Nanopore only	DBJDTN010000064.1	535	A>G	1
0327126	SNP	Nanopore only	DBJDTN010000064.1	537	G>C	2
0327126	SNP	Nanopore only	DBJDTN010000064.1	556	C>G	1
0327126	SNP	Nanopore only	DBJDTN010000064.1	563	G>T	2
0327126	SNP	Nanopore only	DBJDTN010000064.1	564	G>C	2
0327126	SNP	Nanopore only	DBJDTN010000064.1	573	G>T	1
0327126	SNP	Nanopore only	DBJDTN010000064.1	576	G>A	1
0327126	SNP	Nanopore only	DBJDTN010000064.1	582	G>A	1
0327126	SNP	Nanopore only	DBJDTN010000064.1	588	A>G	1
0327126	SNP	Nanopore only	DBJDTN010000064.1	591	C>G	1
0327126	SNP	Nanopore only	DBJDTN010000064.1	606	C>G	2
0327126	SNP	Nanopore only	DBJDTN010000064.1	609	G>C	3
0327126	SNP	Nanopore only	DBJDTN010000064.1	623	G>T	1
0327126	SNP	Nanopore only	DBJDTN010000064.1	627	G>T	3
0327126	SNP	Nanopore only	DBJDTN010000064.1	628	C>T	3
0327126	SNP	Nanopore only	DBJDTN010000064.1	635	T>C	1
0327126	SNP	Nanopore only	DBJDTN010000064.1	637	G>T	3
0327126	SNP	Nanopore only	DBJDTN010000064.1	638	G>C	3
0327126	SNP	Nanopore only	DBJDTN010000064.1	646	T>G	2
0327126	SNP	Nanopore only	DBJDTN010000064.1	656	G>T	1
0327126	SNP	Nanopore only	DBJDTN010000064.1	662	C>T	1
0327126	SNP	Nanopore only	DBJDTN010000064.1	666	C>G	1
0327126	SNP	Nanopore only	DBJDTN010000064.1	675	T>G	3
0327126	SNP	Nanopore only	DBJDTN010000064.1	681	G>C	2
0327126	SNP	Nanopore only	DBJDTN010000064.1	690	G>A	2
0327126	SNP	Nanopore only	DBJDTN010000064.1	699	C>G	2
0327126	SNP	Nanopore only	DBJDTN010000064.1	714	T>C	2
0327126	SNP	Nanopore only	DBJDTN010000064.1	728	G>A	3
0327126	SNP	Nanopore only	DBJDTN010000064.1	729	G>C	3
0327126	SNP	Nanopore only	DBJDTN010000064.1	732	A>G	3
0327126	SNP	Nanopore only	DBJDTN010000064.1	741	A>G	1
0327126	SNP	Nanopore only	DBJDTN010000064.1	744	G>C	2
0327126	SNP	Nanopore only	DBJDTN010000064.1	750	G>C	2
0327126	SNP	Nanopore only	DBJDTN010000064.1	753	G>T	2
0327126	SNP	Nanopore only	DBJDTN010000064.1	792	C>T	1
0327126	SNP	Nanopore only	DBJDTN010000064.1	798	G>A	2
0327126	SNP	Nanopore only	DBJDTN010000064.1	819	A>G	1
0327126	SNP	Nanopore only	DBJDTN010000064.1	825	G>C	2
0327126	SNP	Nanopore only	DBJDTN010000064.1	828	A>G	2
0327126	SNP	Nanopore only	DBJDTN010000064.1	834	G>C	2
0327126	SNP	Nanopore only	DBJDTN010000064.1	843	A>G	2
0327126	SNP	Nanopore only	DBJDTN010000064.1	849	C>G	2
0327126	SNP	Nanopore only	DBJDTN010000064.1	852	G>C	1
0327126	SNP	Nanopore only	DBJDTN010000064.1	853	C>T	3
0327126	SNP	Nanopore only	DBJDTN010000064.1	854	G>T	3
0327126	SNP	Nanopore only	DBJDTN010000064.1	859	C>T	1
0327126	SNP	Nanopore only	DBJDTN010000064.1	860	T>G	1
0327126	SNP	Nanopore only	DBJDTN010000064.1	891	A>G	1
0327126	SNP	Nanopore only	DBJDTN010000064.1	915	A>G	2
0327126	SNP	Nanopore only	DBJDTN010000064.1	921	C>T	2
0327126	SNP	Nanopore only	DBJDTN010000064.1	927	G>A	3
0327126	SNP	Nanopore only	DBJDTN010000064.1	932	C>T	1
0327126	SNP	Nanopore only	DBJDTN010000064.1	936	C>G	3
0327126	SNP	Nanopore only	DBJDTN010000064.1	949	C>G	4
0327126	SNP	Nanopore only	DBJDTN010000064.1	952	C>T	4
0327126	SNP	Nanopore only	DBJDTN010000064.1	956	C>T	2
0327126	SNP	Nanopore only	DBJDTN010000064.1	957	A>G	3
0327126	SNP	Nanopore only	DBJDTN010000064.1	960	C>G	3
0327126	SNP	Nanopore only	DBJDTN010000064.1	962	C>T	1
0327126	SNP	Nanopore only	DBJDTN010000064.1	978	A>G	2
0327126	SNP	Nanopore only	DBJDTN010000064.1	981	G>C	2
0327126	SNP	Nanopore only	DBJDTN010000064.1	984	G>C	2
0327126	SNP	Nanopore only	DBJDTN010000064.1	990	G>C	2
0327126	SNP	Nanopore only	DBJDTN010000064.1	993	C>G	1
0327126	SNP	Nanopore only	DBJDTN010000064.1	1017	A>G	3
0327126	SNP	Nanopore only	DBJDTN010000064.1	1022	C>G	2
0327126	SNP	Nanopore only	DBJDTN010000064.1	1026	G>T	2
0327126	SNP	Nanopore only	DBJDTN010000064.1	1029	A>G	1
0327126	SNP	Nanopore only	DBJDTN010000064.1	1035	G>C	2
0327126	SNP	Nanopore only	DBJDTN010000064.1	1036	T>G	2
0327126	SNP	Nanopore only	DBJDTN010000064.1	1037	G>C	2
0327126	SNP	Nanopore only	DBJDTN010000064.1	1055	A>G	2
0327126	SNP	Nanopore only	DBJDTN010000064.1	1063	G>C	2
0327126	SNP	Nanopore only	DBJDTN010000064.1	1064	A>C	2
0327126	SNP	Nanopore only	DBJDTN010000064.1	1065	A>G	2
0327126	SNP	Nanopore only	DBJDTN010000064.1	1103	A>C	2
0327126	SNP	Nanopore only	DBJDTN010000064.1	1120	A>G	2
0327126	SNP	Nanopore only	DBJDTN010000064.1	1130	T>A	1
0327126	SNP	Nanopore only	DBJDTN010000064.1	1134	C>T	1
0327126	SNP	Nanopore only	DBJDTN010000064.1	1137	G>C	2
0327126	SNP	Nanopore only	DBJDTN010000064.1	1152	C>G	3
0327126	SNP	Nanopore only	DBJDTN010000064.1	1155	G>C	3
0327126	SNP	Nanopore only	DBJDTN010000064.1	1167	A>G	1
0327126	SNP	Nanopore only	DBJDTN010000064.1	1170	A>G	2
0327126	SNP	Nanopore only	DBJDTN010000064.1	1171	C>G	2
0327126	SNP	Nanopore only	DBJDTN010000064.1	1179	T>C	2
0327126	SNP	Nanopore only	DBJDTN010000064.1	1181	C>T	2
0327126	SNP	Nanopore only	DBJDTN010000064.1	1184	A>T	2
0327126	indel	Nanopore only	DBJDTN010000012.1	15726	-1 bp	8
0327126	indel	Nanopore only	DBJDTN010000028.1	35391	-4 bp	2
0327126	indel	Nanopore only	DBJDTN010000033.1	27622	-1 bp	7
0327126	indel	Nanopore only	DBJDTN010000021.1	47769	-1 bp	8
0327126	indel	Nanopore only	DBJDTN010000047.1	2190	+1 bp	2
0327126	indel	Nanopore only	DBJDTN010000064.1	111	+2 bp	2
0327126	indel	Nanopore only	DBJDTN010000064.1	197	+2 bp	2
0327126	indel	Nanopore only	DBJDTN010000064.1	649	+1 bp	1
0327126	indel	Nanopore only	DBJDTN010000003.1	355141	+1 bp	2
0327127	SNP	Nanopore only	DBJDTN010000001.1	631028	A>G	2
0327127	SNP	Nanopore only	DBJDTN010000003.1	355246	G>A	1
0327127	SNP	Nanopore only	DBJDTN010000003.1	355254	C>T	2
0327127	SNP	Nanopore only	DBJDTN010000003.1	355361	A>G	2
0327127	SNP	Nanopore only	DBJDTN010000003.1	355803	T>G	1
0327127	SNP	Nanopore only	DBJDTN010000007.1	30385	A>G	2
0327127	SNP	Nanopore only	DBJDTN010000013.1	107	A>G	4
0327127	SNP	Nanopore only	DBJDTN010000017.1	7661	C>T	1
0327127	SNP	Nanopore only	DBJDTN010000019.1	95756	A>C	2
0327127	SNP	Nanopore only	DBJDTN010000019.1	95806	A>G	3
0327127	SNP	Nanopore only	DBJDTN010000019.1	95980	G>A	6
0327127	SNP	Nanopore only	DBJDTN010000033.1	24310	C>T	3
0327127	SNP	Nanopore only	DBJDTN010000042.1	3187	A>G	2
0327127	SNP	Nanopore only	DBJDTN010000042.1	3196	T>C	1
0327127	SNP	Nanopore only	DBJDTN010000042.1	3197	G>C	2
0327127	SNP	Nanopore only	DBJDTN010000042.1	3198	C>G	2
0327127	SNP	Nanopore only	DBJDTN010000042.1	3203	A>T	2
0327127	SNP	Nanopore only	DBJDTN010000042.1	3208	G>C	2
0327127	SNP	Nanopore only	DBJDTN010000042.1	3209	C>G	2
0327127	SNP	Nanopore only	DBJDTN010000042.1	3221	T>C	2
0327127	SNP	Nanopore only	DBJDTN010000047.1	2064	A>C	4
0327127	SNP	Nanopore only	DBJDTN010000047.1	2067	G>T	4
0327127	SNP	Nanopore only	DBJDTN010000047.1	2074	A>T	2
0327127	SNP	Nanopore only	DBJDTN010000047.1	2264	T>C	2
0327127	SNP	Nanopore only	DBJDTN010000047.1	2269	C>T	2
0327127	SNP	Nanopore only	DBJDTN010000047.1	2359	A>G	2
0327127	SNP	Nanopore only	DBJDTN010000047.1	2487	G>C	1
0327127	SNP	Nanopore only	DBJDTN010000047.1	2491	C>G	3
0327127	SNP	Nanopore only	DBJDTN010000047.1	2543	T>A	4
0327127	SNP	Nanopore only	DBJDTN010000064.1	132	T>C	2
0327127	SNP	Nanopore only	DBJDTN010000064.1	153	C>G	3
0327127	SNP	Nanopore only	DBJDTN010000064.1	166	A>T	2
0327127	SNP	Nanopore only	DBJDTN010000064.1	222	G>C	1
0327127	SNP	Nanopore only	DBJDTN010000064.1	225	T>C	2
0327127	SNP	Nanopore only	DBJDTN010000064.1	234	C>G	1
0327127	SNP	Nanopore only	DBJDTN010000064.1	246	C>T	1
0327127	SNP	Nanopore only	DBJDTN010000064.1	255	A>G	1
0327127	SNP	Nanopore only	DBJDTN010000064.1	309	C>G	2
0327127	SNP	Nanopore only	DBJDTN010000064.1	312	A>G	1
0327127	SNP	Nanopore only	DBJDTN010000064.1	315	C>G	3
0327127	SNP	Nanopore only	DBJDTN010000064.1	317	T>G	3
0327127	SNP	Nanopore only	DBJDTN010000064.1	327	A>C	4
0327127	SNP	Nanopore only	DBJDTN010000064.1	345	C>G	2
0327127	SNP	Nanopore only	DBJDTN010000064.1	348	C>G	3
0327127	SNP	Nanopore only	DBJDTN010000064.1	350	T>G	3
0327127	SNP	Nanopore only	DBJDTN010000064.1	359	A>C	1
0327127	SNP	Nanopore only	DBJDTN010000064.1	372	A>G	2
0327127	SNP	Nanopore only	DBJDTN010000064.1	384	G>C	2
0327127	SNP	Nanopore only	DBJDTN010000064.1	408	T>C	2
0327127	SNP	Nanopore only	DBJDTN010000064.1	411	A>G	2
0327127	SNP	Nanopore only	DBJDTN010000064.1	414	A>G	1
0327127	SNP	Nanopore only	DBJDTN010000064.1	441	C>T	1
0327127	SNP	Nanopore only	DBJDTN010000064.1	453	C>G	2
0327127	SNP	Nanopore only	DBJDTN010000064.1	474	C>G	2
0327127	SNP	Nanopore only	DBJDTN010000064.1	483	T>G	2
0327127	SNP	Nanopore only	DBJDTN010000064.1	513	G>C	2
0327127	SNP	Nanopore only	DBJDTN010000064.1	588	A>G	1
0327127	SNP	Nanopore only	DBJDTN010000064.1	591	C>G	1
0327127	SNP	Nanopore only	DBJDTN010000064.1	606	C>G	2
0327127	SNP	Nanopore only	DBJDTN010000064.1	609	G>C	3
0327127	SNP	Nanopore only	DBJDTN010000064.1	638	G>C	3
0327127	SNP	Nanopore only	DBJDTN010000064.1	646	T>G	2
0327127	SNP	Nanopore only	DBJDTN010000064.1	681	G>C	2
0327127	SNP	Nanopore only	DBJDTN010000064.1	699	C>G	2
0327127	SNP	Nanopore only	DBJDTN010000064.1	714	T>C	2
0327127	SNP	Nanopore only	DBJDTN010000064.1	728	G>A	3
0327127	SNP	Nanopore only	DBJDTN010000064.1	729	G>C	3
0327127	SNP	Nanopore only	DBJDTN010000064.1	732	A>G	3
0327127	SNP	Nanopore only	DBJDTN010000064.1	741	A>G	1
0327127	SNP	Nanopore only	DBJDTN010000064.1	744	G>C	2
0327127	SNP	Nanopore only	DBJDTN010000064.1	750	G>C	2
0327127	SNP	Nanopore only	DBJDTN010000064.1	753	G>T	2
0327127	SNP	Nanopore only	DBJDTN010000064.1	798	G>A	2
0327127	SNP	Nanopore only	DBJDTN010000064.1	819	A>G	1
0327127	SNP	Nanopore only	DBJDTN010000064.1	825	G>C	2
0327127	SNP	Nanopore only	DBJDTN010000064.1	828	A>G	2
0327127	SNP	Nanopore only	DBJDTN010000064.1	834	G>C	2
0327127	SNP	Nanopore only	DBJDTN010000064.1	843	A>G	2
0327127	SNP	Nanopore only	DBJDTN010000064.1	852	G>C	1
0327127	SNP	Nanopore only	DBJDTN010000064.1	853	C>T	3
0327127	SNP	Nanopore only	DBJDTN010000064.1	859	C>T	1
0327127	SNP	Nanopore only	DBJDTN010000064.1	860	T>G	1
0327127	SNP	Nanopore only	DBJDTN010000064.1	915	A>G	2
0327127	SNP	Nanopore only	DBJDTN010000064.1	921	C>T	2
0327127	SNP	Nanopore only	DBJDTN010000064.1	956	C>T	2
0327127	SNP	Nanopore only	DBJDTN010000064.1	978	A>G	2
0327127	SNP	Nanopore only	DBJDTN010000064.1	981	G>C	2
0327127	SNP	Nanopore only	DBJDTN010000064.1	984	G>C	2
0327127	SNP	Nanopore only	DBJDTN010000064.1	990	G>C	2
0327127	SNP	Nanopore only	DBJDTN010000064.1	1017	A>G	3
0327127	SNP	Nanopore only	DBJDTN010000064.1	1029	A>G	1
0327127	SNP	Nanopore only	DBJDTN010000064.1	1036	T>G	2
0327127	SNP	Nanopore only	DBJDTN010000064.1	1055	A>G	2
0327127	SNP	Nanopore only	DBJDTN010000064.1	1063	G>C	2
0327127	SNP	Nanopore only	DBJDTN010000064.1	1064	A>C	2
0327127	SNP	Nanopore only	DBJDTN010000064.1	1065	A>G	2
0327127	SNP	Nanopore only	DBJDTN010000064.1	1103	A>C	2
0327127	SNP	Nanopore only	DBJDTN010000064.1	1120	A>G	2
0327127	SNP	Nanopore only	DBJDTN010000064.1	1152	C>G	3
0327127	SNP	Nanopore only	DBJDTN010000064.1	1155	G>C	3
0327127	SNP	Nanopore only	DBJDTN010000064.1	1167	A>G	1
0327127	SNP	Nanopore only	DBJDTN010000064.1	1170	A>G	2
0327127	SNP	Nanopore only	DBJDTN010000064.1	1171	C>G	2
0327127	SNP	Nanopore only	DBJDTN010000064.1	1179	T>C	2
0327127	SNP	Nanopore only	DBJDTN010000064.1	1181	C>T	2
0327127	SNP	Nanopore only	DBJDTN010000064.1	1184	A>T	2
0327127	SNP	Nanopore only	DBJDTN010000068.1	316	T>A	4
0327127	SNP	Nanopore only	DBJDTN010000068.1	472	T>A	1
0327127	SNP	Nanopore only	DBJDTN010000068.1	475	A>G	1
0327127	SNP	Nanopore only	DBJDTN010000068.1	520	T>A	3
0327127	SNP	Nanopore only	DBJDTN010000068.1	526	T>G	1
0327127	SNP	Nanopore only	DBJDTN010000068.1	532	A>G	1
0327127	SNP	Nanopore only	DBJDTN010000068.1	610	A>G	1
0327127	SNP	Nanopore only	DBJDTN010000068.1	632	A>G	2
0327127	SNP	Nanopore only	DBJDTN010000068.1	633	A>G	2
0327127	indel	Nanopore only	DBJDTN010000007.1	90378	-1 bp	8
0327127	indel	Nanopore only	DBJDTN010000007.1	90496	-1 bp	8
0327127	indel	Nanopore only	DBJDTN010000012.1	15726	-1 bp	8
0327127	indel	Nanopore only	DBJDTN010000021.1	47769	-1 bp	8
0327127	indel	Nanopore only	DBJDTN010000039.1	3036	-10 bp	37
0327127	indel	Nanopore only	DBJDTN010000064.1	197	+2 bp	2
0327127	indel	Nanopore only	DBJDTN010000064.1	649	+1 bp	1
0327127	indel	Nanopore only	DBJDTN010000028.1	35391	-4 bp	2
0327436-KPC	SNP	Nanopore only	DBJDTN010000002.1	75203	A>G	2
0327436-KPC	SNP	Nanopore only	DBJDTN010000002.1	197185	A>G	2
0327436-KPC	SNP	Nanopore only	DBJDTN010000003.1	355246	G>A	1
0327436-KPC	SNP	Nanopore only	DBJDTN010000003.1	355254	C>T	2
0327436-KPC	SNP	Nanopore only	DBJDTN010000003.1	355361	A>G	2
0327436-KPC	SNP	Nanopore only	DBJDTN010000003.1	355803	T>G	1
0327436-KPC	SNP	Nanopore only	DBJDTN010000005.1	147575	C>T	1
0327436-KPC	SNP	Nanopore only	DBJDTN010000006.1	52799	C>T	2
0327436-KPC	SNP	Nanopore only	DBJDTN010000006.1	161994	G>A	1
0327436-KPC	SNP	Nanopore only	DBJDTN010000006.1	161997	C>A	1
0327436-KPC	SNP	Nanopore only	DBJDTN010000006.1	174250	C>T	1
0327436-KPC	SNP	Nanopore only	DBJDTN010000013.1	107	A>G	4
0327436-KPC	SNP	Nanopore only	DBJDTN010000015.1	57330	A>G	2
0327436-KPC	SNP	Nanopore only	DBJDTN010000015.1	111333	A>G	2
0327436-KPC	SNP	Nanopore only	DBJDTN010000018.1	95058	A>G	2
0327436-KPC	SNP	Nanopore only	DBJDTN010000019.1	95756	A>C	2
0327436-KPC	SNP	Nanopore only	DBJDTN010000019.1	95806	A>G	3
0327436-KPC	SNP	Nanopore only	DBJDTN010000019.1	95980	G>A	6
0327436-KPC	SNP	Nanopore only	DBJDTN010000022.1	7923	A>G	2
0327436-KPC	SNP	Nanopore only	DBJDTN010000042.1	5929	G>C	2
0327436-KPC	SNP	Nanopore only	DBJDTN010000047.1	2064	A>C	4
0327436-KPC	SNP	Nanopore only	DBJDTN010000047.1	2067	G>T	4
0327436-KPC	SNP	Nanopore only	DBJDTN010000047.1	2073	G>C	2
0327436-KPC	SNP	Nanopore only	DBJDTN010000047.1	2074	A>T	2
0327436-KPC	SNP	Nanopore only	DBJDTN010000047.1	2192	A>C	2
0327436-KPC	SNP	Nanopore only	DBJDTN010000047.1	2230	G>C	2
0327436-KPC	SNP	Nanopore only	DBJDTN010000047.1	2264	T>C	2
0327436-KPC	SNP	Nanopore only	DBJDTN010000047.1	2269	C>T	2
0327436-KPC	SNP	Nanopore only	DBJDTN010000047.1	2359	A>G	2
0327436-KPC	SNP	Nanopore only	DBJDTN010000047.1	2487	G>C	1
0327436-KPC	SNP	Nanopore only	DBJDTN010000047.1	2491	C>G	3
0327436-KPC	SNP	Nanopore only	DBJDTN010000047.1	2543	T>A	4
0327436-KPC	SNP	Nanopore only	DBJDTN010000064.1	119	C>G	1
0327436-KPC	SNP	Nanopore only	DBJDTN010000064.1	132	T>C	2
0327436-KPC	SNP	Nanopore only	DBJDTN010000064.1	153	C>G	3
0327436-KPC	SNP	Nanopore only	DBJDTN010000064.1	166	A>T	2
0327436-KPC	SNP	Nanopore only	DBJDTN010000064.1	168	T>C	2
0327436-KPC	SNP	Nanopore only	DBJDTN010000064.1	173	G>A	1
0327436-KPC	SNP	Nanopore only	DBJDTN010000064.1	210	C>G	4
0327436-KPC	SNP	Nanopore only	DBJDTN010000064.1	213	C>G	4
0327436-KPC	SNP	Nanopore only	DBJDTN010000064.1	218	T>C	3
0327436-KPC	SNP	Nanopore only	DBJDTN010000064.1	222	G>C	1
0327436-KPC	SNP	Nanopore only	DBJDTN010000064.1	225	T>C	2
0327436-KPC	SNP	Nanopore only	DBJDTN010000064.1	231	G>A	2
0327436-KPC	SNP	Nanopore only	DBJDTN010000064.1	234	C>G	1
0327436-KPC	SNP	Nanopore only	DBJDTN010000064.1	246	C>T	1
0327436-KPC	SNP	Nanopore only	DBJDTN010000064.1	255	A>G	1
0327436-KPC	SNP	Nanopore only	DBJDTN010000064.1	309	C>G	2
0327436-KPC	SNP	Nanopore only	DBJDTN010000064.1	312	A>G	1
0327436-KPC	SNP	Nanopore only	DBJDTN010000064.1	315	C>G	3
0327436-KPC	SNP	Nanopore only	DBJDTN010000064.1	317	T>G	3
0327436-KPC	SNP	Nanopore only	DBJDTN010000064.1	327	A>C	4
0327436-KPC	SNP	Nanopore only	DBJDTN010000064.1	345	C>G	2
0327436-KPC	SNP	Nanopore only	DBJDTN010000064.1	348	C>G	3
0327436-KPC	SNP	Nanopore only	DBJDTN010000064.1	350	T>G	3
0327436-KPC	SNP	Nanopore only	DBJDTN010000064.1	359	A>C	1
0327436-KPC	SNP	Nanopore only	DBJDTN010000064.1	372	A>G	2
0327436-KPC	SNP	Nanopore only	DBJDTN010000064.1	384	G>C	2
0327436-KPC	SNP	Nanopore only	DBJDTN010000064.1	408	T>C	2
0327436-KPC	SNP	Nanopore only	DBJDTN010000064.1	411	A>G	2
0327436-KPC	SNP	Nanopore only	DBJDTN010000064.1	414	A>G	1
0327436-KPC	SNP	Nanopore only	DBJDTN010000064.1	441	C>T	1
0327436-KPC	SNP	Nanopore only	DBJDTN010000064.1	453	C>G	2
0327436-KPC	SNP	Nanopore only	DBJDTN010000064.1	456	G>T	3
0327436-KPC	SNP	Nanopore only	DBJDTN010000064.1	465	G>A	1
0327436-KPC	SNP	Nanopore only	DBJDTN010000064.1	474	C>G	2
0327436-KPC	SNP	Nanopore only	DBJDTN010000064.1	483	T>G	2
0327436-KPC	SNP	Nanopore only	DBJDTN010000064.1	513	G>C	2
0327436-KPC	SNP	Nanopore only	DBJDTN010000064.1	556	C>G	1
0327436-KPC	SNP	Nanopore only	DBJDTN010000064.1	564	G>C	2
0327436-KPC	SNP	Nanopore only	DBJDTN010000064.1	588	A>G	1
0327436-KPC	SNP	Nanopore only	DBJDTN010000064.1	591	C>G	1
0327436-KPC	SNP	Nanopore only	DBJDTN010000064.1	606	C>G	2
0327436-KPC	SNP	Nanopore only	DBJDTN010000064.1	609	G>C	3
0327436-KPC	SNP	Nanopore only	DBJDTN010000064.1	628	C>T	3
0327436-KPC	SNP	Nanopore only	DBJDTN010000064.1	646	T>G	2
0327436-KPC	SNP	Nanopore only	DBJDTN010000064.1	714	T>C	2
0327436-KPC	SNP	Nanopore only	DBJDTN010000064.1	729	G>C	3
0327436-KPC	SNP	Nanopore only	DBJDTN010000064.1	732	A>G	3
0327436-KPC	SNP	Nanopore only	DBJDTN010000064.1	741	A>G	1
0327436-KPC	SNP	Nanopore only	DBJDTN010000064.1	750	G>C	2
0327436-KPC	SNP	Nanopore only	DBJDTN010000064.1	819	A>G	1
0327436-KPC	SNP	Nanopore only	DBJDTN010000064.1	828	A>G	2
0327436-KPC	SNP	Nanopore only	DBJDTN010000064.1	834	G>C	2
0327436-KPC	SNP	Nanopore only	DBJDTN010000064.1	843	A>G	2
0327436-KPC	SNP	Nanopore only	DBJDTN010000064.1	853	C>T	3
0327436-KPC	SNP	Nanopore only	DBJDTN010000064.1	859	C>T	1
0327436-KPC	SNP	Nanopore only	DBJDTN010000064.1	915	A>G	2
0327436-KPC	SNP	Nanopore only	DBJDTN010000068.1	112	C>T	2
0327436-KPC	SNP	Nanopore only	DBJDTN010000068.1	139	C>T	1
0327436-KPC	SNP	Nanopore only	DBJDTN010000068.1	151	C>T	5
0327436-KPC	SNP	Nanopore only	DBJDTN010000068.1	205	G>A	2
0327436-KPC	SNP	Nanopore only	DBJDTN010000068.1	246	T>G	2
0327436-KPC	SNP	Nanopore only	DBJDTN010000068.1	247	T>C	2
0327436-KPC	SNP	Nanopore only	DBJDTN010000068.1	256	A>C	2
0327436-KPC	SNP	Nanopore only	DBJDTN010000068.1	259	C>A	2
0327436-KPC	SNP	Nanopore only	DBJDTN010000068.1	262	T>A	1
0327436-KPC	SNP	Nanopore only	DBJDTN010000068.1	304	A>G	2
0327436-KPC	SNP	Nanopore only	DBJDTN010000068.1	316	T>C	4
0327436-KPC	SNP	Nanopore only	DBJDTN010000068.1	505	T>G	1
0327436-KPC	SNP	Nanopore only	DBJDTN010000068.1	541	C>T	2
0327436-KPC	SNP	Nanopore only	DBJDTN010000068.1	543	G>T	2
0327436-KPC	SNP	Nanopore only	DBJDTN010000068.1	547	A>G	2
0327436-KPC	SNP	Nanopore only	DBJDTN010000068.1	550	C>T	5
0327436-KPC	SNP	Nanopore only	DBJDTN010000068.1	565	C>T	1
0327436-KPC	SNP	Nanopore only	DBJDTN010000068.1	649	G>A	2
0327436-KPC	SNP	Nanopore only	DBJDTN010000068.1	664	C>G	3
0327436-KPC	SNP	Nanopore only	DBJDTN010000068.1	668	C>T	2
0327436-KPC	SNP	Nanopore only	DBJDTN010000068.1	678	A>T	1
0327436-KPC	SNP	Nanopore only	DBJDTN010000068.1	680	C>G	1
0327436-KPC	SNP	Nanopore only	DBJDTN010000068.1	697	T>C	1
0327436-KPC	SNP	Nanopore only	DBJDTN010000068.1	699	G>A	1
0327436-KPC	SNP	Nanopore only	DBJDTN010000068.1	706	G>A	2
0327436-KPC	SNP	Nanopore only	DBJDTN010000068.1	715	A>T	1
0327436-KPC	SNP	Nanopore only	DBJDTN010000068.1	717	A>T	6
0327436-KPC	SNP	Nanopore only	DBJDTN010000068.1	736	G>A	3
0327436-KPC	SNP	Nanopore only	DBJDTN010000068.1	742	C>T	1
0327436-KPC	SNP	Nanopore only	DBJDTN010000068.1	748	G>C	1
0327436-KPC	SNP	Nanopore only	DBJDTN010000068.1	766	T>C	2
0327436-KPC	SNP	Nanopore only	DBJDTN010000068.1	784	C>A	1
0327436-KPC	SNP	Nanopore only	DBJDTN010000068.1	787	A>G	1
0327436-KPC	SNP	Nanopore only	DBJDTN010000068.1	790	C>G	1
0327436-KPC	SNP	Nanopore only	DBJDTN010000068.1	799	A>G	2
0327436-KPC	SNP	Nanopore only	DBJDTN010000068.1	802	G>A	2
0327436-KPC	SNP	Nanopore only	DBJDTN010000068.1	823	G>T	2
0327436-KPC	SNP	Nanopore only	DBJDTN010000068.1	826	T>C	2
0327436-KPC	SNP	Nanopore only	DBJDTN010000068.1	832	A>T	2
0327436-KPC	SNP	Nanopore only	DBJDTN010000068.1	838	T>C	2
0327436-KPC	SNP	Nanopore only	DBJDTN010000068.1	844	T>C	1
0327436-KPC	SNP	Nanopore only	DBJDTN010000071.1	24	T>G	1
0327436-KPC	SNP	Nanopore only	DBJDTN010000071.1	25	C>T	1
0327436-KPC	SNP	Nanopore only	DBJDTN010000071.1	33	A>G	1
0327436-KPC	SNP	Nanopore only	DBJDTN010000071.1	49	A>G	1
0327436-KPC	SNP	Nanopore only	DBJDTN010000071.1	288	T>G	2
0327436-KPC	SNP	Nanopore only	DBJDTN010000072.1	18598	G>C	1
0327436-KPC	SNP	Nanopore only	DBJDTN010000072.1	21041	C>A	1
0327436-KPC	indel	Nanopore only	DBJDTN010000064.1	111	+2 bp	2
0327436-KPC	indel	Nanopore only	DBJDTN010000064.1	197	+2 bp	2
0327436-KPC	indel	Nanopore only	DBJDTN010000006.1	60184	-1 bp	8
0327436-KPC	indel	Nanopore only	DBJDTN010000021.1	47769	-1 bp	8
0327436-KPC	indel	Nanopore only	DBJDTN010000003.1	355141	+1 bp	2
0327436-NDM	SNP	Nanopore only	DBJDTN010000002.1	75203	A>G	2
0327436-NDM	SNP	Nanopore only	DBJDTN010000003.1	355246	G>A	1
0327436-NDM	SNP	Nanopore only	DBJDTN010000003.1	355254	C>T	2
0327436-NDM	SNP	Nanopore only	DBJDTN010000003.1	355361	A>G	2
0327436-NDM	SNP	Nanopore only	DBJDTN010000003.1	355803	T>G	1
0327436-NDM	SNP	Nanopore only	DBJDTN010000005.1	215775	A>G	1
0327436-NDM	SNP	Nanopore only	DBJDTN010000006.1	126679	T>G	1
0327436-NDM	SNP	Nanopore only	DBJDTN010000006.1	194281	G>A	3
0327436-NDM	SNP	Nanopore only	DBJDTN010000006.1	197798	C>A	3
0327436-NDM	SNP	Nanopore only	DBJDTN010000006.1	197799	A>G	1
0327436-NDM	SNP	Nanopore only	DBJDTN010000006.1	198080	A>G	1
0327436-NDM	SNP	Nanopore only	DBJDTN010000007.1	30385	A>G	2
0327436-NDM	SNP	Nanopore only	DBJDTN010000012.1	113761	A>G	2
0327436-NDM	SNP	Nanopore only	DBJDTN010000013.1	107	A>G	4
0327436-NDM	SNP	Nanopore only	DBJDTN010000019.1	95552	T>C	1
0327436-NDM	SNP	Nanopore only	DBJDTN010000019.1	95553	C>T	1
0327436-NDM	SNP	Nanopore only	DBJDTN010000019.1	95756	A>C	2
0327436-NDM	SNP	Nanopore only	DBJDTN010000019.1	95806	A>G	3
0327436-NDM	SNP	Nanopore only	DBJDTN010000019.1	95980	G>A	6
0327436-NDM	SNP	Nanopore only	DBJDTN010000033.1	6680	T>C	1
0327436-NDM	SNP	Nanopore only	DBJDTN010000033.1	6684	G>A	1
0327436-NDM	SNP	Nanopore only	DBJDTN010000033.1	6701	T>G	3
0327436-NDM	SNP	Nanopore only	DBJDTN010000040.1	3580	C>A	3
0327436-NDM	SNP	Nanopore only	DBJDTN010000040.1	3866	T>C	3
0327436-NDM	SNP	Nanopore only	DBJDTN010000040.1	6484	C>T	2
0327436-NDM	SNP	Nanopore only	DBJDTN010000047.1	2543	T>A	4
0327436-NDM	SNP	Nanopore only	DBJDTN010000064.1	119	C>G	1
0327436-NDM	SNP	Nanopore only	DBJDTN010000064.1	132	T>C	2
0327436-NDM	SNP	Nanopore only	DBJDTN010000064.1	153	C>G	3
0327436-NDM	SNP	Nanopore only	DBJDTN010000064.1	166	A>T	2
0327436-NDM	SNP	Nanopore only	DBJDTN010000064.1	168	T>C	2
0327436-NDM	SNP	Nanopore only	DBJDTN010000064.1	173	G>A	1
0327436-NDM	SNP	Nanopore only	DBJDTN010000064.1	187	A>G	2
0327436-NDM	SNP	Nanopore only	DBJDTN010000064.1	188	C>A	2
0327436-NDM	SNP	Nanopore only	DBJDTN010000064.1	202	T>A	2
0327436-NDM	SNP	Nanopore only	DBJDTN010000064.1	210	C>G	4
0327436-NDM	SNP	Nanopore only	DBJDTN010000064.1	211	C>G	4
0327436-NDM	SNP	Nanopore only	DBJDTN010000064.1	213	C>G	4
0327436-NDM	SNP	Nanopore only	DBJDTN010000064.1	215	G>T	3
0327436-NDM	SNP	Nanopore only	DBJDTN010000064.1	216	G>C	3
0327436-NDM	SNP	Nanopore only	DBJDTN010000064.1	218	T>C	3
0327436-NDM	SNP	Nanopore only	DBJDTN010000064.1	222	G>C	1
0327436-NDM	SNP	Nanopore only	DBJDTN010000064.1	225	T>C	2
0327436-NDM	SNP	Nanopore only	DBJDTN010000064.1	231	G>A	2
0327436-NDM	SNP	Nanopore only	DBJDTN010000064.1	234	C>G	1
0327436-NDM	SNP	Nanopore only	DBJDTN010000064.1	246	C>T	1
0327436-NDM	SNP	Nanopore only	DBJDTN010000064.1	255	A>G	1
0327436-NDM	SNP	Nanopore only	DBJDTN010000064.1	309	C>G	2
0327436-NDM	SNP	Nanopore only	DBJDTN010000064.1	312	A>G	1
0327436-NDM	SNP	Nanopore only	DBJDTN010000064.1	315	C>G	3
0327436-NDM	SNP	Nanopore only	DBJDTN010000064.1	317	T>G	3
0327436-NDM	SNP	Nanopore only	DBJDTN010000064.1	327	A>C	4
0327436-NDM	SNP	Nanopore only	DBJDTN010000064.1	345	C>G	2
0327436-NDM	SNP	Nanopore only	DBJDTN010000064.1	348	C>G	3
0327436-NDM	SNP	Nanopore only	DBJDTN010000064.1	350	T>G	3
0327436-NDM	SNP	Nanopore only	DBJDTN010000064.1	359	A>C	1
0327436-NDM	SNP	Nanopore only	DBJDTN010000064.1	507	G>A	2
0327436-NDM	SNP	Nanopore only	DBJDTN010000064.1	513	G>C	2
0327436-NDM	SNP	Nanopore only	DBJDTN010000064.1	515	G>T	1
0327436-NDM	SNP	Nanopore only	DBJDTN010000064.1	516	C>G	1
0327436-NDM	SNP	Nanopore only	DBJDTN010000064.1	531	G>C	2
0327436-NDM	SNP	Nanopore only	DBJDTN010000064.1	534	G>C	1
0327436-NDM	SNP	Nanopore only	DBJDTN010000064.1	535	A>G	1
0327436-NDM	SNP	Nanopore only	DBJDTN010000064.1	537	G>C	2
0327436-NDM	SNP	Nanopore only	DBJDTN010000064.1	556	C>G	1
0327436-NDM	SNP	Nanopore only	DBJDTN010000064.1	563	G>T	2
0327436-NDM	SNP	Nanopore only	DBJDTN010000064.1	564	G>C	2
0327436-NDM	SNP	Nanopore only	DBJDTN010000064.1	573	G>T	1
0327436-NDM	SNP	Nanopore only	DBJDTN010000064.1	576	G>A	1
0327436-NDM	SNP	Nanopore only	DBJDTN010000064.1	582	G>A	1
0327436-NDM	SNP	Nanopore only	DBJDTN010000064.1	588	A>G	1
0327436-NDM	SNP	Nanopore only	DBJDTN010000064.1	591	C>G	1
0327436-NDM	SNP	Nanopore only	DBJDTN010000064.1	606	C>G	2
0327436-NDM	SNP	Nanopore only	DBJDTN010000064.1	609	G>C	3
0327436-NDM	SNP	Nanopore only	DBJDTN010000064.1	623	G>T	1
0327436-NDM	SNP	Nanopore only	DBJDTN010000064.1	627	G>T	3
0327436-NDM	SNP	Nanopore only	DBJDTN010000064.1	628	C>T	3
0327436-NDM	SNP	Nanopore only	DBJDTN010000064.1	629	G>T	1
0327436-NDM	SNP	Nanopore only	DBJDTN010000064.1	635	T>C	1
0327436-NDM	SNP	Nanopore only	DBJDTN010000064.1	637	G>T	3
0327436-NDM	SNP	Nanopore only	DBJDTN010000064.1	638	G>C	3
0327436-NDM	SNP	Nanopore only	DBJDTN010000064.1	646	T>G	2
0327436-NDM	SNP	Nanopore only	DBJDTN010000064.1	656	G>T	1
0327436-NDM	SNP	Nanopore only	DBJDTN010000064.1	660	C>G	2
0327436-NDM	SNP	Nanopore only	DBJDTN010000064.1	662	C>T	1
0327436-NDM	SNP	Nanopore only	DBJDTN010000064.1	666	C>G	1
0327436-NDM	SNP	Nanopore only	DBJDTN010000064.1	675	T>G	3
0327436-NDM	SNP	Nanopore only	DBJDTN010000064.1	681	G>C	2
0327436-NDM	SNP	Nanopore only	DBJDTN010000064.1	687	G>A	1
0327436-NDM	SNP	Nanopore only	DBJDTN010000064.1	690	G>A	2
0327436-NDM	SNP	Nanopore only	DBJDTN010000064.1	699	C>G	2
0327436-NDM	SNP	Nanopore only	DBJDTN010000064.1	714	T>C	2
0327436-NDM	SNP	Nanopore only	DBJDTN010000064.1	728	G>A	3
0327436-NDM	SNP	Nanopore only	DBJDTN010000064.1	729	G>C	3
0327436-NDM	SNP	Nanopore only	DBJDTN010000064.1	732	A>G	3
0327436-NDM	SNP	Nanopore only	DBJDTN010000064.1	741	A>G	1
0327436-NDM	SNP	Nanopore only	DBJDTN010000064.1	744	G>C	2
0327436-NDM	SNP	Nanopore only	DBJDTN010000064.1	750	G>C	2
0327436-NDM	SNP	Nanopore only	DBJDTN010000064.1	753	G>T	2
0327436-NDM	SNP	Nanopore only	DBJDTN010000064.1	792	C>T	1
0327436-NDM	SNP	Nanopore only	DBJDTN010000064.1	798	G>A	2
0327436-NDM	SNP	Nanopore only	DBJDTN010000064.1	819	A>G	1
0327436-NDM	SNP	Nanopore only	DBJDTN010000064.1	825	G>C	2
0327436-NDM	SNP	Nanopore only	DBJDTN010000064.1	828	A>G	2
0327436-NDM	SNP	Nanopore only	DBJDTN010000064.1	834	G>C	2
0327436-NDM	SNP	Nanopore only	DBJDTN010000064.1	843	A>G	2
0327436-NDM	SNP	Nanopore only	DBJDTN010000064.1	849	C>G	2
0327436-NDM	SNP	Nanopore only	DBJDTN010000064.1	852	G>C	1
0327436-NDM	SNP	Nanopore only	DBJDTN010000064.1	853	C>T	3
0327436-NDM	SNP	Nanopore only	DBJDTN010000064.1	854	G>T	3
0327436-NDM	SNP	Nanopore only	DBJDTN010000064.1	859	C>T	1
0327436-NDM	SNP	Nanopore only	DBJDTN010000064.1	860	T>G	1
0327436-NDM	SNP	Nanopore only	DBJDTN010000064.1	891	A>G	1
0327436-NDM	SNP	Nanopore only	DBJDTN010000064.1	898	A>G	1
0327436-NDM	SNP	Nanopore only	DBJDTN010000064.1	899	G>T	2
0327436-NDM	SNP	Nanopore only	DBJDTN010000064.1	915	A>G	2
0327436-NDM	SNP	Nanopore only	DBJDTN010000064.1	921	C>T	2
0327436-NDM	SNP	Nanopore only	DBJDTN010000064.1	927	G>A	3
0327436-NDM	SNP	Nanopore only	DBJDTN010000064.1	932	C>T	1
0327436-NDM	SNP	Nanopore only	DBJDTN010000064.1	936	C>G	3
0327436-NDM	SNP	Nanopore only	DBJDTN010000064.1	949	C>G	4
0327436-NDM	SNP	Nanopore only	DBJDTN010000064.1	952	C>T	4
0327436-NDM	SNP	Nanopore only	DBJDTN010000064.1	953	G>T	4
0327436-NDM	SNP	Nanopore only	DBJDTN010000064.1	956	C>T	2
0327436-NDM	SNP	Nanopore only	DBJDTN010000064.1	957	A>G	3
0327436-NDM	SNP	Nanopore only	DBJDTN010000064.1	960	C>G	3
0327436-NDM	SNP	Nanopore only	DBJDTN010000064.1	962	C>T	1
0327436-NDM	SNP	Nanopore only	DBJDTN010000064.1	970	C>T	1
0327436-NDM	SNP	Nanopore only	DBJDTN010000064.1	971	G>T	1
0327436-NDM	SNP	Nanopore only	DBJDTN010000064.1	978	A>G	2
0327436-NDM	SNP	Nanopore only	DBJDTN010000064.1	981	G>C	2
0327436-NDM	SNP	Nanopore only	DBJDTN010000064.1	984	G>C	2
0327436-NDM	SNP	Nanopore only	DBJDTN010000064.1	990	G>C	2
0327436-NDM	SNP	Nanopore only	DBJDTN010000064.1	993	C>G	1
0327436-NDM	SNP	Nanopore only	DBJDTN010000064.1	1008	G>A	1
0327436-NDM	SNP	Nanopore only	DBJDTN010000064.1	1011	G>C	3
0327436-NDM	SNP	Nanopore only	DBJDTN010000064.1	1012	G>T	3
0327436-NDM	SNP	Nanopore only	DBJDTN010000064.1	1017	A>G	3
0327436-NDM	SNP	Nanopore only	DBJDTN010000064.1	1022	C>G	2
0327436-NDM	SNP	Nanopore only	DBJDTN010000064.1	1023	G>A	1
0327436-NDM	SNP	Nanopore only	DBJDTN010000064.1	1026	G>T	2
0327436-NDM	SNP	Nanopore only	DBJDTN010000064.1	1029	A>G	1
0327436-NDM	SNP	Nanopore only	DBJDTN010000064.1	1030	T>A	1
0327436-NDM	SNP	Nanopore only	DBJDTN010000064.1	1035	G>C	2
0327436-NDM	SNP	Nanopore only	DBJDTN010000064.1	1036	T>G	2
0327436-NDM	SNP	Nanopore only	DBJDTN010000064.1	1037	G>C	2
0327436-NDM	SNP	Nanopore only	DBJDTN010000064.1	1055	A>G	2
0327436-NDM	SNP	Nanopore only	DBJDTN010000064.1	1056	G>T	2
0327436-NDM	SNP	Nanopore only	DBJDTN010000064.1	1063	G>C	2
0327436-NDM	SNP	Nanopore only	DBJDTN010000064.1	1064	A>C	2
0327436-NDM	SNP	Nanopore only	DBJDTN010000064.1	1065	A>G	2
0327436-NDM	SNP	Nanopore only	DBJDTN010000064.1	1103	A>C	2
0327436-NDM	SNP	Nanopore only	DBJDTN010000064.1	1120	A>G	2
0327436-NDM	SNP	Nanopore only	DBJDTN010000064.1	1121	G>T	2
0327436-NDM	SNP	Nanopore only	DBJDTN010000064.1	1130	T>A	1
0327436-NDM	SNP	Nanopore only	DBJDTN010000064.1	1134	C>T	1
0327436-NDM	SNP	Nanopore only	DBJDTN010000064.1	1137	G>C	2
0327436-NDM	SNP	Nanopore only	DBJDTN010000064.1	1152	C>G	3
0327436-NDM	SNP	Nanopore only	DBJDTN010000064.1	1155	G>C	3
0327436-NDM	SNP	Nanopore only	DBJDTN010000064.1	1167	A>G	1
0327436-NDM	SNP	Nanopore only	DBJDTN010000064.1	1170	A>G	2
0327436-NDM	SNP	Nanopore only	DBJDTN010000064.1	1171	C>G	2
0327436-NDM	SNP	Nanopore only	DBJDTN010000064.1	1179	T>C	2
0327436-NDM	SNP	Nanopore only	DBJDTN010000064.1	1181	C>T	2
0327436-NDM	SNP	Nanopore only	DBJDTN010000064.1	1184	A>T	2
0327436-NDM	SNP	Nanopore only	DBJDTN010000072.1	24631	G>A	1
0327436-NDM	indel	Nanopore only	DBJDTN010000064.1	176	-3 bp	1
0327436-NDM	indel	Nanopore only	DBJDTN010000064.1	643	-1 bp	2
0327436-NDM	indel	Nanopore only	DBJDTN010000064.1	649	+1 bp	1
0327436-NDM	indel	Nanopore only	DBJDTN010000064.1	910	-1 bp	1
6257373	SNP	Nanopore only	DBJDTN010000002.1	75203	A>G	2
6257373	SNP	Nanopore only	DBJDTN010000003.1	355254	C>T	2
6257373	SNP	Nanopore only	DBJDTN010000003.1	355361	A>G	2
6257373	SNP	Nanopore only	DBJDTN010000004.1	283879	C>T	1
6257373	SNP	Nanopore only	DBJDTN010000006.1	129676	G>A	4
6257373	SNP	Nanopore only	DBJDTN010000007.1	30385	A>G	2
6257373	SNP	Nanopore only	DBJDTN010000009.1	64677	A>G	2
6257373	SNP	Nanopore only	DBJDTN010000009.1	217294	A>G	2
6257373	SNP	Nanopore only	DBJDTN010000013.1	107	A>G	4
6257373	SNP	Nanopore only	DBJDTN010000015.1	57330	A>G	2
6257373	SNP	Nanopore only	DBJDTN010000015.1	111333	A>G	2
6257373	SNP	Nanopore only	DBJDTN010000019.1	95756	A>C	2
6257373	SNP	Nanopore only	DBJDTN010000019.1	95806	A>G	3
6257373	SNP	Nanopore only	DBJDTN010000019.1	95980	G>A	6
6257373	SNP	Nanopore only	DBJDTN010000022.1	7923	A>G	2
6257373	SNP	Nanopore only	DBJDTN010000025.1	25457	A>G	4
6257373	SNP	Nanopore only	DBJDTN010000027.1	31572	G>A	1
6257373	SNP	Nanopore only	DBJDTN010000027.1	49798	G>A	1
6257373	SNP	Nanopore only	DBJDTN010000033.1	24310	C>T	3
6257373	SNP	Nanopore only	DBJDTN010000042.1	3196	T>C	1
6257373	SNP	Nanopore only	DBJDTN010000042.1	3197	G>C	2
6257373	SNP	Nanopore only	DBJDTN010000042.1	3198	C>G	2
6257373	SNP	Nanopore only	DBJDTN010000042.1	3203	A>T	2
6257373	SNP	Nanopore only	DBJDTN010000042.1	3208	G>C	2
6257373	SNP	Nanopore only	DBJDTN010000042.1	3209	C>G	2
6257373	SNP	Nanopore only	DBJDTN010000042.1	3221	T>C	2
6257373	SNP	Nanopore only	DBJDTN010000042.1	5929	G>C	2
6257373	SNP	Nanopore only	DBJDTN010000047.1	2063	A>C	4
6257373	SNP	Nanopore only	DBJDTN010000047.1	2064	A>C	4
6257373	SNP	Nanopore only	DBJDTN010000047.1	2067	G>T	4
6257373	SNP	Nanopore only	DBJDTN010000047.1	2074	A>T	2
6257373	SNP	Nanopore only	DBJDTN010000047.1	2192	A>C	2
6257373	SNP	Nanopore only	DBJDTN010000047.1	2264	T>C	2
6257373	SNP	Nanopore only	DBJDTN010000047.1	2269	C>T	2
6257373	SNP	Nanopore only	DBJDTN010000047.1	2359	A>G	2
6257373	SNP	Nanopore only	DBJDTN010000047.1	2434	A>G	2
6257373	SNP	Nanopore only	DBJDTN010000047.1	2487	G>C	1
6257373	SNP	Nanopore only	DBJDTN010000047.1	2491	C>G	3
6257373	SNP	Nanopore only	DBJDTN010000047.1	2543	T>A	4
6257373	SNP	Nanopore only	DBJDTN010000055.1	65	G>A	2
6257373	SNP	Nanopore only	DBJDTN010000055.1	77	T>G	1
6257373	SNP	Nanopore only	DBJDTN010000055.1	125	G>T	1
6257373	SNP	Nanopore only	DBJDTN010000055.1	126	A>G	1
6257373	SNP	Nanopore only	DBJDTN010000055.1	146	T>C	3
6257373	SNP	Nanopore only	DBJDTN010000055.1	152	C>T	1
6257373	SNP	Nanopore only	DBJDTN010000055.1	185	G>T	3
6257373	SNP	Nanopore only	DBJDTN010000055.1	254	C>T	2
6257373	SNP	Nanopore only	DBJDTN010000055.1	299	A>G	1
6257373	SNP	Nanopore only	DBJDTN010000055.1	316	A>G	2
6257373	SNP	Nanopore only	DBJDTN010000055.1	317	G>C	2
6257373	SNP	Nanopore only	DBJDTN010000055.1	320	C>T	1
6257373	SNP	Nanopore only	DBJDTN010000055.1	326	A>G	2
6257373	SNP	Nanopore only	DBJDTN010000055.1	332	T>C	3
6257373	SNP	Nanopore only	DBJDTN010000055.1	338	A>C	2
6257373	SNP	Nanopore only	DBJDTN010000055.1	362	A>G	2
6257373	SNP	Nanopore only	DBJDTN010000055.1	371	G>A	3
6257373	SNP	Nanopore only	DBJDTN010000055.1	373	T>C	2
6257373	SNP	Nanopore only	DBJDTN010000055.1	378	C>T	2
6257373	SNP	Nanopore only	DBJDTN010000055.1	379	T>C	1
6257373	SNP	Nanopore only	DBJDTN010000055.1	380	G>C	1
6257373	SNP	Nanopore only	DBJDTN010000055.1	386	C>A	1
6257373	SNP	Nanopore only	DBJDTN010000055.1	389	G>A	2
6257373	SNP	Nanopore only	DBJDTN010000055.1	395	C>A	3
6257373	SNP	Nanopore only	DBJDTN010000055.1	452	G>T	3
6257373	SNP	Nanopore only	DBJDTN010000055.1	476	G>A	2
6257373	SNP	Nanopore only	DBJDTN010000055.1	482	G>C	4
6257373	SNP	Nanopore only	DBJDTN010000055.1	485	A>G	4
6257373	SNP	Nanopore only	DBJDTN010000055.1	488	C>T	1
6257373	SNP	Nanopore only	DBJDTN010000055.1	490	A>C	1
6257373	SNP	Nanopore only	DBJDTN010000055.1	512	A>G	2
6257373	SNP	Nanopore only	DBJDTN010000055.1	521	T>G	2
6257373	SNP	Nanopore only	DBJDTN010000055.1	524	G>A	1
6257373	SNP	Nanopore only	DBJDTN010000055.1	527	G>T	2
6257373	SNP	Nanopore only	DBJDTN010000055.1	539	A>C	2
6257373	SNP	Nanopore only	DBJDTN010000055.1	542	A>T	2
6257373	SNP	Nanopore only	DBJDTN010000055.1	545	C>A	2
6257373	SNP	Nanopore only	DBJDTN010000055.1	547	G>T	2
6257373	SNP	Nanopore only	DBJDTN010000055.1	561	A>T	2
6257373	SNP	Nanopore only	DBJDTN010000055.1	568	T>G	1
6257373	SNP	Nanopore only	DBJDTN010000055.1	569	A>T	1
6257373	SNP	Nanopore only	DBJDTN010000055.1	575	A>G	4
6257373	SNP	Nanopore only	DBJDTN010000055.1	579	G>C	4
6257373	SNP	Nanopore only	DBJDTN010000055.1	584	A>G	2
6257373	SNP	Nanopore only	DBJDTN010000055.1	600	A>G	1
6257373	SNP	Nanopore only	DBJDTN010000055.1	611	T>C	2
6257373	SNP	Nanopore only	DBJDTN010000055.1	629	G>A	2
6257373	SNP	Nanopore only	DBJDTN010000055.1	635	G>A	2
6257373	SNP	Nanopore only	DBJDTN010000055.1	665	A>G	3
6257373	SNP	Nanopore only	DBJDTN010000055.1	668	G>A	3
6257373	SNP	Nanopore only	DBJDTN010000055.1	857	A>C	1
6257373	SNP	Nanopore only	DBJDTN010000055.1	878	G>A	2
6257373	SNP	Nanopore only	DBJDTN010000055.1	902	C>A	3
6257373	SNP	Nanopore only	DBJDTN010000055.1	926	T>A	1
6257373	SNP	Nanopore only	DBJDTN010000055.1	1020	C>T	1
6257373	SNP	Nanopore only	DBJDTN010000055.1	1039	A>G	2
6257373	SNP	Nanopore only	DBJDTN010000055.1	1061	A>G	1
6257373	SNP	Nanopore only	DBJDTN010000055.1	1063	T>A	2
6257373	SNP	Nanopore only	DBJDTN010000055.1	1066	T>A	2
6257373	SNP	Nanopore only	DBJDTN010000055.1	1139	T>C	2
6257373	SNP	Nanopore only	DBJDTN010000055.1	1141	C>A	2
6257373	SNP	Nanopore only	DBJDTN010000055.1	1142	G>A	2
6257373	SNP	Nanopore only	DBJDTN010000055.1	1148	A>G	2
6257373	SNP	Nanopore only	DBJDTN010000055.1	1155	T>C	3
6257373	SNP	Nanopore only	DBJDTN010000055.1	1167	G>C	2
6257373	SNP	Nanopore only	DBJDTN010000055.1	1168	G>A	2
6257373	SNP	Nanopore only	DBJDTN010000055.1	1176	G>C	1
6257373	SNP	Nanopore only	DBJDTN010000055.1	1177	T>A	1
6257373	SNP	Nanopore only	DBJDTN010000055.1	1178	G>C	3
6257373	SNP	Nanopore only	DBJDTN010000055.1	1180	C>T	3
6257373	SNP	Nanopore only	DBJDTN010000055.1	1185	A>G	2
6257373	SNP	Nanopore only	DBJDTN010000055.1	1193	G>C	3
6257373	SNP	Nanopore only	DBJDTN010000055.1	1195	G>C	3
6257373	SNP	Nanopore only	DBJDTN010000055.1	1216	T>C	3
6257373	SNP	Nanopore only	DBJDTN010000055.1	1217	G>C	3
6257373	SNP	Nanopore only	DBJDTN010000055.1	1223	T>C	2
6257373	SNP	Nanopore only	DBJDTN010000064.1	107	T>G	1
6257373	SNP	Nanopore only	DBJDTN010000064.1	119	C>G	1
6257373	SNP	Nanopore only	DBJDTN010000064.1	132	T>C	2
6257373	SNP	Nanopore only	DBJDTN010000064.1	153	C>G	3
6257373	SNP	Nanopore only	DBJDTN010000064.1	166	A>T	2
6257373	SNP	Nanopore only	DBJDTN010000064.1	168	T>C	2
6257373	SNP	Nanopore only	DBJDTN010000064.1	173	G>A	1
6257373	SNP	Nanopore only	DBJDTN010000064.1	187	A>G	2
6257373	SNP	Nanopore only	DBJDTN010000064.1	210	C>G	4
6257373	SNP	Nanopore only	DBJDTN010000064.1	211	C>G	4
6257373	SNP	Nanopore only	DBJDTN010000064.1	213	C>G	4
6257373	SNP	Nanopore only	DBJDTN010000064.1	216	G>C	3
6257373	SNP	Nanopore only	DBJDTN010000064.1	218	T>C	3
6257373	SNP	Nanopore only	DBJDTN010000064.1	222	G>C	1
6257373	SNP	Nanopore only	DBJDTN010000064.1	225	T>C	2
6257373	SNP	Nanopore only	DBJDTN010000064.1	231	G>A	2
6257373	SNP	Nanopore only	DBJDTN010000064.1	234	C>G	1
6257373	SNP	Nanopore only	DBJDTN010000064.1	246	C>T	1
6257373	SNP	Nanopore only	DBJDTN010000064.1	255	A>G	1
6257373	SNP	Nanopore only	DBJDTN010000064.1	309	C>G	2
6257373	SNP	Nanopore only	DBJDTN010000064.1	312	A>G	1
6257373	SNP	Nanopore only	DBJDTN010000064.1	315	C>G	3
6257373	SNP	Nanopore only	DBJDTN010000064.1	317	T>G	3
6257373	SNP	Nanopore only	DBJDTN010000064.1	327	A>C	4
6257373	SNP	Nanopore only	DBJDTN010000064.1	345	C>G	2
6257373	SNP	Nanopore only	DBJDTN010000064.1	348	C>G	3
6257373	SNP	Nanopore only	DBJDTN010000064.1	350	T>G	3
6257373	SNP	Nanopore only	DBJDTN010000064.1	359	A>C	1
6257373	SNP	Nanopore only	DBJDTN010000064.1	372	A>G	2
6257373	SNP	Nanopore only	DBJDTN010000064.1	384	G>C	2
6257373	SNP	Nanopore only	DBJDTN010000064.1	408	T>C	2
6257373	SNP	Nanopore only	DBJDTN010000064.1	411	A>G	2
6257373	SNP	Nanopore only	DBJDTN010000064.1	414	A>G	1
6257373	SNP	Nanopore only	DBJDTN010000064.1	441	C>T	1
6257373	SNP	Nanopore only	DBJDTN010000064.1	453	C>G	2
6257373	SNP	Nanopore only	DBJDTN010000064.1	456	G>T	3
6257373	SNP	Nanopore only	DBJDTN010000064.1	465	G>A	1
6257373	SNP	Nanopore only	DBJDTN010000064.1	474	C>G	2
6257373	SNP	Nanopore only	DBJDTN010000064.1	483	T>G	2
6257373	SNP	Nanopore only	DBJDTN010000064.1	513	G>C	2
6257373	SNP	Nanopore only	DBJDTN010000064.1	515	G>T	1
6257373	SNP	Nanopore only	DBJDTN010000064.1	516	C>G	1
6257373	SNP	Nanopore only	DBJDTN010000064.1	531	G>C	2
6257373	SNP	Nanopore only	DBJDTN010000064.1	534	G>C	1
6257373	SNP	Nanopore only	DBJDTN010000064.1	535	A>G	1
6257373	SNP	Nanopore only	DBJDTN010000064.1	537	G>C	2
6257373	SNP	Nanopore only	DBJDTN010000064.1	556	C>G	1
6257373	SNP	Nanopore only	DBJDTN010000064.1	563	G>T	2
6257373	SNP	Nanopore only	DBJDTN010000064.1	564	G>C	2
6257373	SNP	Nanopore only	DBJDTN010000064.1	573	G>T	1
6257373	SNP	Nanopore only	DBJDTN010000064.1	576	G>A	1
6257373	SNP	Nanopore only	DBJDTN010000064.1	582	G>A	1
6257373	SNP	Nanopore only	DBJDTN010000064.1	588	A>G	1
6257373	SNP	Nanopore only	DBJDTN010000064.1	591	C>G	1
6257373	SNP	Nanopore only	DBJDTN010000064.1	606	C>G	2
6257373	SNP	Nanopore only	DBJDTN010000064.1	609	G>C	3
6257373	SNP	Nanopore only	DBJDTN010000064.1	623	G>T	1
6257373	SNP	Nanopore only	DBJDTN010000064.1	627	G>T	3
6257373	SNP	Nanopore only	DBJDTN010000064.1	628	C>T	3
6257373	SNP	Nanopore only	DBJDTN010000064.1	629	G>T	1
6257373	SNP	Nanopore only	DBJDTN010000064.1	635	T>C	1
6257373	SNP	Nanopore only	DBJDTN010000064.1	637	G>T	3
6257373	SNP	Nanopore only	DBJDTN010000064.1	638	G>C	3
6257373	SNP	Nanopore only	DBJDTN010000064.1	646	T>G	2
6257373	SNP	Nanopore only	DBJDTN010000064.1	656	G>T	1
6257373	SNP	Nanopore only	DBJDTN010000064.1	662	C>T	1
6257373	SNP	Nanopore only	DBJDTN010000064.1	666	C>G	1
6257373	SNP	Nanopore only	DBJDTN010000064.1	675	T>G	3
6257373	SNP	Nanopore only	DBJDTN010000064.1	681	G>C	2
6257373	SNP	Nanopore only	DBJDTN010000064.1	687	G>A	1
6257373	SNP	Nanopore only	DBJDTN010000064.1	690	G>A	2
6257373	SNP	Nanopore only	DBJDTN010000064.1	699	C>G	2
6257373	SNP	Nanopore only	DBJDTN010000064.1	714	T>C	2
6257373	SNP	Nanopore only	DBJDTN010000064.1	728	G>A	3
6257373	SNP	Nanopore only	DBJDTN010000064.1	729	G>C	3
6257373	SNP	Nanopore only	DBJDTN010000064.1	732	A>G	3
6257373	SNP	Nanopore only	DBJDTN010000064.1	741	A>G	1
6257373	SNP	Nanopore only	DBJDTN010000064.1	744	G>C	2
6257373	SNP	Nanopore only	DBJDTN010000064.1	750	G>C	2
6257373	SNP	Nanopore only	DBJDTN010000064.1	753	G>T	2
6257373	SNP	Nanopore only	DBJDTN010000064.1	792	C>T	1
6257373	SNP	Nanopore only	DBJDTN010000064.1	798	G>A	2
6257373	SNP	Nanopore only	DBJDTN010000064.1	819	A>G	1
6257373	SNP	Nanopore only	DBJDTN010000064.1	825	G>C	2
6257373	SNP	Nanopore only	DBJDTN010000064.1	828	A>G	2
6257373	SNP	Nanopore only	DBJDTN010000064.1	834	G>C	2
6257373	SNP	Nanopore only	DBJDTN010000064.1	843	A>G	2
6257373	SNP	Nanopore only	DBJDTN010000064.1	849	C>G	2
6257373	SNP	Nanopore only	DBJDTN010000064.1	852	G>C	1
6257373	SNP	Nanopore only	DBJDTN010000064.1	853	C>T	3
6257373	SNP	Nanopore only	DBJDTN010000064.1	854	G>T	3
6257373	SNP	Nanopore only	DBJDTN010000064.1	859	C>T	1
6257373	SNP	Nanopore only	DBJDTN010000064.1	860	T>G	1
6257373	SNP	Nanopore only	DBJDTN010000064.1	891	A>G	1
6257373	SNP	Nanopore only	DBJDTN010000064.1	915	A>G	2
6257373	SNP	Nanopore only	DBJDTN010000064.1	921	C>T	2
6257373	SNP	Nanopore only	DBJDTN010000064.1	927	G>A	3
6257373	SNP	Nanopore only	DBJDTN010000064.1	932	C>T	1
6257373	SNP	Nanopore only	DBJDTN010000064.1	936	C>G	3
6257373	SNP	Nanopore only	DBJDTN010000064.1	952	C>T	4
6257373	SNP	Nanopore only	DBJDTN010000064.1	956	C>T	2
6257373	SNP	Nanopore only	DBJDTN010000064.1	960	C>G	3
6257373	SNP	Nanopore only	DBJDTN010000064.1	978	A>G	2
6257373	SNP	Nanopore only	DBJDTN010000064.1	981	G>C	2
6257373	SNP	Nanopore only	DBJDTN010000064.1	984	G>C	2
6257373	SNP	Nanopore only	DBJDTN010000064.1	990	G>C	2
6257373	SNP	Nanopore only	DBJDTN010000064.1	993	C>G	1
6257373	SNP	Nanopore only	DBJDTN010000064.1	1011	G>C	3
6257373	SNP	Nanopore only	DBJDTN010000064.1	1017	A>G	3
6257373	SNP	Nanopore only	DBJDTN010000064.1	1022	C>G	2
6257373	SNP	Nanopore only	DBJDTN010000064.1	1029	A>G	1
6257373	SNP	Nanopore only	DBJDTN010000064.1	1035	G>C	2
6257373	SNP	Nanopore only	DBJDTN010000064.1	1036	T>G	2
6257373	SNP	Nanopore only	DBJDTN010000064.1	1037	G>C	2
6257373	SNP	Nanopore only	DBJDTN010000064.1	1055	A>G	2
6257373	SNP	Nanopore only	DBJDTN010000064.1	1063	G>C	2
6257373	SNP	Nanopore only	DBJDTN010000064.1	1065	A>G	2
6257373	SNP	Nanopore only	DBJDTN010000064.1	1103	A>C	2
6257373	SNP	Nanopore only	DBJDTN010000064.1	1120	A>G	2
6257373	SNP	Nanopore only	DBJDTN010000064.1	1121	G>T	2
6257373	SNP	Nanopore only	DBJDTN010000064.1	1137	G>C	2
6257373	SNP	Nanopore only	DBJDTN010000064.1	1152	C>G	3
6257373	SNP	Nanopore only	DBJDTN010000064.1	1155	G>C	3
6257373	SNP	Nanopore only	DBJDTN010000064.1	1167	A>G	1
6257373	SNP	Nanopore only	DBJDTN010000064.1	1170	A>G	2
6257373	SNP	Nanopore only	DBJDTN010000064.1	1171	C>G	2
6257373	SNP	Nanopore only	DBJDTN010000064.1	1179	T>C	2
6257373	SNP	Nanopore only	DBJDTN010000068.1	316	T>A	4
6257373	SNP	Nanopore only	DBJDTN010000068.1	472	T>A	1
6257373	SNP	Nanopore only	DBJDTN010000068.1	475	A>G	1
6257373	SNP	Nanopore only	DBJDTN010000068.1	505	T>G	1
6257373	SNP	Nanopore only	DBJDTN010000068.1	508	C>G	2
6257373	SNP	Nanopore only	DBJDTN010000068.1	516	A>G	2
6257373	SNP	Nanopore only	DBJDTN010000068.1	520	T>A	3
6257373	SNP	Nanopore only	DBJDTN010000068.1	526	T>G	1
6257373	SNP	Nanopore only	DBJDTN010000068.1	532	A>G	1
6257373	SNP	Nanopore only	DBJDTN010000068.1	577	A>G	3
6257373	SNP	Nanopore only	DBJDTN010000068.1	610	A>G	1
6257373	SNP	Nanopore only	DBJDTN010000068.1	632	A>G	2
6257373	SNP	Nanopore only	DBJDTN010000068.1	633	A>G	2
6257373	SNP	Nanopore only	DBJDTN010000068.1	649	G>A	2
6257373	SNP	Nanopore only	DBJDTN010000068.1	748	G>C	1
6257373	indel	Nanopore only	DBJDTN010000064.1	111	+2 bp	2
6257373	indel	Nanopore only	DBJDTN010000064.1	176	-3 bp	1
6257373	indel	Nanopore only	DBJDTN010000064.1	197	+2 bp	2
6257373	indel	Nanopore only	DBJDTN010000064.1	649	+1 bp	1
6257373	indel	Nanopore only	DBJDTN010000039.1	3036	-10 bp	37
6257373	indel	Nanopore only	DBJDTN010000055.1	1211	+1 bp	2
6257373	indel	Nanopore only	DBJDTN010000028.1	35391	-4 bp	2
6257373	indel	Nanopore only	DBJDTN010000021.1	47769	-1 bp	8
6257373	indel	Nanopore only	DBJDTN010000010.1	118351	-1 bp	7
6257373	indel	Nanopore only	DBJDTN010000047.1	2190	+1 bp	2
6257373	indel	Nanopore only	DBJDTN010000007.1	90496	-1 bp	8
