isolate_a	isolate_b	snps	days_apart	call
0326580	0327127	1	2	linked
0327436-NDM	0327436-KPC	1	6	linked
0327126	0327127	2	0	linked
0326576	0327436-KPC	2	18	linked
0326580	0327126	3	2	linked
0327127	0327436-KPC	3	7	linked
0326576	0327436-NDM	3	12	linked
0327127	6257373	3	64	linked
0327127	0327436-NDM	4	1	linked
0326575	0327127	4	5	linked
0326580	0327436-KPC	4	9	linked
0326580	6257373	4	66	linked
0326575	0326580	5	3	linked
0326580	0327436-NDM	5	3	linked
0327126	0327436-KPC	5	7	linked
0326576	0327127	5	11	linked
0327126	6257373	5	64	linked
0327126	0327436-NDM	6	1	linked
0326575	0327126	6	5	linked
0326576	0326580	6	9	linked
0327436-KPC	6257373	6	57	linked
0326576	0327126	7	11	linked
0326575	0327436-KPC	7	12	linked
0327436-NDM	6257373	7	63	linked
0326575	6257373	7	69	linked
0326575	0327436-NDM	8	6	linked
0326576	6257373	8	75	linked
0326576	0326575	9	6	linked
